d,n,p,a,closure_ok,v_p_s,s
5,4,2,2,True,2,4
13,4,2,2,True,2,180
14,4,2,2,True,2,4
17,4,2,2,True,3,8
17,8,2,3,True,3,8
18,4,2,2,True,2,4
21,4,2,2,True,2,12
28,4,2,2,True,3,24
29,4,2,2,True,2,1820
33,4,2,2,True,2,4
37,4,2,2,True,2,12
39,4,2,2,True,2,4
41,4,2,2,True,6,320
45,4,2,2,True,3,24
46,4,2,2,True,2,3588
53,4,2,2,True,2,9100
55,4,2,2,True,2,12
57,4,2,2,True,2,20
60,4,2,2,True,2,4
61,4,2,2,True,2,226153980
62,4,2,2,True,3,8
62,8,2,3,True,3,8
65,4,2,2,True,4,16
65,8,2,3,True,4,16
65,16,2,4,True,4,16
66,4,2,2,True,3,8
66,8,2,3,True,3,8
68,4,2,2,True,2,4
69,4,2,2,True,3,936
73,4,2,2,True,3,267000
77,4,2,2,True,3,40
79,9,3,2,True,2,9
82,9,3,2,True,2,18
83,9,3,2,True,2,9
85,4,2,2,True,2,30996
85,9,3,2,True,3,30996
89,4,2,2,True,3,53000
92,4,2,2,True,3,120
93,4,2,2,True,2,1260
94,4,2,2,True,3,221064
95,4,2,2,True,2,4
97,4,2,2,True,3,6377352
101,4,2,2,True,2,20
105,4,2,2,True,2,4
109,4,2,2,True,2,15140424455100
111,4,2,2,True,2,28
112,4,2,2,True,2,12
113,4,2,2,True,4,113296
114,4,2,2,True,5,96
117,4,2,2,True,2,60
124,4,2,2,True,4,414960
125,4,2,2,True,2,83204
126,4,2,2,True,3,40
129,4,2,2,True,2,1484
133,4,2,2,True,2,224460
137,4,2,2,True,5,519712
138,4,2,2,True,2,4
141,4,2,2,True,3,8
141,8,2,3,True,3,8
142,4,2,2,True,2,12
145,4,2,2,True,3,24
145,8,2,3,True,3,24
146,4,2,2,True,2,12
147,4,2,2,True,3,8
147,8,2,3,True,3,8
149,4,2,2,True,2,2113761020
150,4,2,2,True,2,4
153,4,2,2,True,4,176
154,4,2,2,True,2,1716
155,4,2,2,True,2,20
157,4,2,2,True,2,3726964292220
158,4,2,2,True,3,616
161,4,2,2,True,5,928
162,4,2,2,True,2,1540
164,4,2,2,True,5,160
165,4,2,2,True,2,84
173,4,2,2,True,2,190060
177,4,2,2,True,2,4692
178,4,2,2,True,3,120
180,4,2,2,True,2,12
181,4,2,2,True,2,183567298683461940
183,4,2,2,True,2,36
183,9,3,2,True,2,36
185,4,2,2,True,3,680
188,4,2,2,True,4,336
189,4,2,2,True,2,4
193,4,2,2,True,3,448036604040
197,4,2,2,True,2,28
201,4,2,2,True,2,36332
203,4,2,2,True,2,4
205,4,2,2,True,2,2772
206,4,2,2,True,2,4148
207,4,2,2,True,4,80
209,4,2,2,True,2,3220
213,4,2,2,True,3,13320
217,4,2,2,True,3,260952
221,4,2,2,True,4,112
221,8,2,3,True,4,112
229,4,2,2,True,2,386460
233,4,2,2,True,3,70255304
234,4,2,2,True,2,340
237,4,2,2,True,2,14820
238,4,2,2,True,2,756
241,4,2,2,True,3,649641205044600
242,4,2,2,True,2,1260
245,4,2,2,True,4,3312
245,8,2,3,True,4,3312
248,4,2,2,True,2,4
249,4,2,2,True,2,542076
252,4,2,2,True,3,8
252,8,2,3,True,3,8
253,4,2,2,True,2,202604220
254,4,2,2,True,4,16
254,8,2,3,True,4,16
254,16,2,4,True,4,16
257,4,2,2,True,5,32
257,8,2,3,True,5,32
257,16,2,4,True,5,32
257,32,2,5,True,5,32
258,4,2,2,True,4,16
258,8,2,3,True,4,16
258,16,2,4,True,4,16
259,4,2,2,True,2,52644
260,4,2,2,True,3,8
260,8,2,3,True,3,8
261,4,2,2,True,3,11891880
264,4,2,2,True,2,4
265,4,2,2,True,4,4529712
269,4,2,2,True,2,820
273,4,2,2,True,2,44
275,4,2,2,True,2,12
276,4,2,2,True,2,468
277,4,2,2,True,2,9562401173878027020
281,4,2,2,True,3,134951575480
282,4,2,2,True,2,140
284,4,2,2,True,3,1437240
285,4,2,2,True,4,144
285,8,2,3,True,4,144
285,9,3,2,True,2,144
292,4,2,2,True,2,133500
293,4,2,2,True,2,719780
294,4,2,2,True,3,280
294,8,2,3,True,3,280
295,4,2,2,True,2,117900
297,4,2,2,True,2,2820
299,4,2,2,True,3,24
301,4,2,2,True,3,339113108232
302,4,2,2,True,2,246092
305,4,2,2,True,2,28
308,4,2,2,True,2,20
309,4,2,2,True,2,3652365444
310,4,2,2,True,2,48204
313,4,2,2,True,6,1819380158564160
315,4,2,2,True,2,4
316,4,2,2,True,4,720
316,9,3,2,True,2,720
317,4,2,2,True,2,13967198980
320,9,3,2,True,2,9
321,4,2,2,True,2,12
322,9,3,2,True,2,18
325,4,2,2,True,2,36
325,9,3,2,True,2,36
326,9,3,2,True,2,18
327,4,2,2,True,2,12
328,9,3,2,True,2,9
329,4,2,2,True,3,131016
332,9,3,2,True,2,738
333,4,2,2,True,2,4
334,4,2,2,True,2,3491219999244
337,4,2,2,True,4,112422913565764752
341,4,2,2,True,2,575460
345,4,2,2,True,2,364
348,4,2,2,True,2,84
349,4,2,2,True,2,9081060
350,4,2,2,True,3,24
351,4,2,2,True,2,3332
353,4,2,2,True,6,540608704
354,4,2,2,True,2,13716
355,4,2,2,True,2,50676
356,4,2,2,True,2,26500
357,4,2,2,True,2,180
357,9,3,2,True,2,180
365,4,2,2,True,2,1251796
368,4,2,2,True,2,60
369,4,2,2,True,7,437120
371,4,2,2,True,3,88
373,4,2,2,True,2,2712540
376,4,2,2,True,2,110532
377,4,2,2,True,2,12
381,4,2,2,True,2,52
382,4,2,2,True,3,8442054600
385,4,2,2,True,2,4884
388,4,2,2,True,2,3188676
389,4,2,2,True,2,166660
390,4,2,2,True,2,4
393,4,2,2,True,2,2342444
395,4,2,2,True,3,8
395,8,2,3,True,3,8
397,4,2,2,True,2,42094239791738433660
398,4,2,2,True,2,20
401,4,2,2,True,3,40
401,8,2,3,True,3,40
402,4,2,2,True,2,20
405,4,2,2,True,3,8
405,8,2,3,True,3,8
406,4,2,2,True,3,2951352
407,4,2,2,True,2,132
409,4,2,2,True,4,1238789998647218582160
410,4,2,2,True,2,4
412,4,2,2,True,3,5100950232
413,4,2,2,True,2,5580
414,4,2,2,True,2,1196
417,4,2,2,True,2,4178268
418,4,2,2,True,3,1656
421,4,2,2,True,2,189073995951839020880499780706260
423,4,2,2,True,5,224
425,4,2,2,True,3,6968
426,4,2,2,True,2,4300
429,4,2,2,True,4,73584
433,4,2,2,True,3,5025068784834899736
437,4,2,2,True,2,220
445,4,2,2,True,2,2060604
446,4,2,2,True,8,5216512
449,4,2,2,True,3,3388393513402120
450,4,2,2,True,2,924
452,4,2,2,True,3,56648
453,4,2,2,True,2,77700
456,4,2,2,True,4,48
457,4,2,2,True,6,326662411570389853632
461,4,2,2,True,2,55067617520620
465,4,2,2,True,5,736
466,4,2,2,True,3,43466808
469,4,2,2,True,6,6336
471,4,2,2,True,2,361188
473,4,2,2,True,2,4
475,4,2,2,True,2,2652
476,4,2,2,True,3,1320
477,4,2,2,True,3,401910600
478,4,2,2,True,3,73974475657896
481,4,2,2,True,3,84769117080
485,4,2,2,True,2,44
489,4,2,2,True,2,343350596
490,4,2,2,True,3,46968
493,4,2,2,True,2,42140131020
495,4,2,2,True,2,4
496,4,2,2,True,3,207480
497,4,2,2,True,3,53912
498,4,2,2,True,3,8056
501,4,2,2,True,6,502288218432
504,4,2,2,True,2,20
505,4,2,2,True,2,36
505,9,3,2,True,2,36
507,4,2,2,True,2,60
508,4,2,2,True,8,1985797689600
509,4,2,2,True,2,13882400040814700
510,4,2,2,True,2,12
513,4,2,2,True,2,608020
514,4,2,2,True,2,204
517,4,2,2,True,2,25990786260
518,4,2,2,True,3,104
521,4,2,2,True,4,1444066532654320
525,4,2,2,True,3,264
526,4,2,2,True,2,3665019757324295532
533,4,2,2,True,2,3242540
537,4,2,2,True,2,8300492
540,4,2,2,True,2,5124
541,4,2,2,True,2,159395869721270110077187138775196900
542,4,2,2,True,3,184408
543,4,2,2,True,2,28724
545,4,2,2,True,2,84
548,4,2,2,True,4,259856
549,4,2,2,True,2,75384660
553,4,2,2,True,3,26562217704
557,4,2,2,True,2,1180
558,4,2,2,True,4,336
559,4,2,2,True,2,21425556
561,4,2,2,True,3,22072
562,4,2,2,True,4,9319728
564,4,2,2,True,2,4
565,4,2,2,True,2,18311501103948
569,4,2,2,True,4,702635588524014320
570,4,2,2,True,3,8
570,8,2,3,True,3,8
572,4,2,2,True,2,12
573,4,2,2,True,4,16
573,8,2,3,True,4,16
573,16,2,4,True,4,16
574,4,2,2,True,3,24
574,8,2,3,True,3,24
577,4,2,2,True,4,48
577,8,2,3,True,4,48
577,16,2,4,True,4,48
578,4,2,2,True,3,24
578,8,2,3,True,3,24
579,4,2,2,True,4,16
579,8,2,3,True,4,16
579,16,2,4,True,4,16
580,4,2,2,True,2,12
581,4,2,2,True,2,6308974548
582,4,2,2,True,3,8
582,8,2,3,True,3,8
583,4,2,2,True,2,349116
585,4,2,2,True,5,1376
588,4,2,2,True,2,4
589,4,2,2,True,4,1706811823063746000
593,4,2,2,True,4,29629176560
594,4,2,2,True,3,45064
597,4,2,2,True,2,18961078500
598,4,2,2,True,2,64380
601,4,2,2,True,3,1586878942101888360258625080
602,4,2,2,True,2,28
604,4,2,2,True,3,243037569063951720
605,4,2,2,True,2,37820
609,4,2,2,True,5,24544
612,4,2,2,True,3,88
613,4,2,2,True,2,18741545784831997880308784340
617,4,2,2,True,3,135413180018248
621,4,2,2,True,3,312
622,4,2,2,True,2,553504812
623,25,5,2,True,2,25
626,25,5,2,True,2,50
627,25,5,2,True,2,25
629,4,2,2,True,2,4914100
629,25,5,2,True,2,4914100
632,4,2,2,True,2,308
633,4,2,2,True,2,17519124
636,4,2,2,True,2,139020
637,4,2,2,True,4,56233877040
639,4,2,2,True,4,958160
641,4,2,2,True,3,103066257550962737720
642,4,2,2,True,2,228
644,4,2,2,True,4,464
645,4,2,2,True,7,40320
646,4,2,2,True,2,12
649,4,2,2,True,2,44104892095380
651,4,2,2,True,2,68
653,4,2,2,True,2,410896226494013260
655,4,2,2,True,2,28824684
656,4,2,2,True,4,80
657,4,2,2,True,3,89000
661,4,2,2,True,2,638728478116949861246791167518480580
663,4,2,2,True,2,4
665,4,2,2,True,2,532
666,4,2,2,True,2,1060380
667,4,2,2,True,2,4147668
668,4,2,2,True,3,2184
669,4,2,2,True,2,550013492618436
673,4,2,2,True,3,183696788896587421699032600
677,4,2,2,True,2,52
681,4,2,2,True,2,411679015748
685,4,2,2,True,2,3652413145693884
686,4,2,2,True,2,414260228
687,4,2,2,True,2,6308
689,4,2,2,True,2,4
690,4,2,2,True,3,56
693,4,2,2,True,4,9360
695,4,2,2,True,2,1276
697,4,2,2,True,3,1320
700,4,2,2,True,3,309672
701,4,2,2,True,2,10485980
705,4,2,2,True,2,8932
709,4,2,2,True,2,25003993164540
710,4,2,2,True,4,48
712,4,2,2,True,2,60
713,4,2,2,True,3,197976
717,4,2,2,True,4,261360
717,9,3,2,True,3,261360
718,4,2,2,True,2,333391496474140716
721,4,2,2,True,7,693898530122112
722,4,2,2,True,2,841812
723,9,3,2,True,2,9
725,4,2,2,True,2,364
726,9,3,2,True,2,18
727,9,3,2,True,3,27
727,27,3,3,True,3,27
730,9,3,2,True,3,54
730,27,3,3,True,3,54
731,9,3,2,True,3,27
731,27,3,3,True,3,27
732,9,3,2,True,2,18
733,4,2,2,True,2,7213860
733,9,3,2,True,4,7213860
733,27,3,3,True,4,7213860
734,4,2,2,True,3,383656
735,9,3,2,True,2,9
737,4,2,2,True,2,9318468
740,4,2,2,True,2,340
741,4,2,2,True,2,270108
741,9,3,2,True,3,270108
742,4,2,2,True,2,9658380
745,4,2,2,True,2,467820
749,4,2,2,True,4,39631020176
752,4,2,2,True,3,168
753,4,2,2,True,2,11243313484
755,4,2,2,True,2,44
757,4,2,2,True,2,136299971388
759,4,2,2,True,2,20
761,4,2,2,True,6,46400
763,4,2,2,True,2,26055780
764,4,2,2,True,4,5853142302000
765,4,2,2,True,2,10332
766,4,2,2,True,3,5272795728865625208
769,4,2,2,True,3,19320788325040337217824455505160
770,4,2,2,True,2,4
772,4,2,2,True,2,224018302020
773,4,2,2,True,2,129748968980
775,4,2,2,True,5,165984
777,4,2,2,True,3,8
777,8,2,3,True,3,8
781,4,2,2,True,2,2419140
782,4,2,2,True,2,28
785,4,2,2,True,3,56
785,8,2,3,True,3,56
786,4,2,2,True,2,28
789,4,2,2,True,4,573768548496
790,4,2,2,True,3,235389096
791,4,2,2,True,3,8
791,8,2,3,True,3,8
793,4,2,2,True,2,156
796,4,2,2,True,3,18756227493635055480
797,4,2,2,True,2,43276943002540
798,4,2,2,True,2,4
801,4,2,2,True,4,17666702000
805,4,2,2,True,3,53392104
809,4,2,2,True,4,13235458622462202510640
813,4,2,2,True,2,76
817,4,2,2,True,2,12
821,4,2,2,True,2,314136625452886403879740
825,4,2,2,True,2,1692
828,4,2,2,True,3,40
829,4,2,2,True,2,16665383182260
831,4,2,2,True,2,339948
833,4,2,2,True,5,328416
834,4,2,2,True,2,226897244
837,4,2,2,True,2,420
845,4,2,2,True,2,10304396
846,4,2,2,True,3,73688
847,4,2,2,True,4,281520
849,4,2,2,True,2,51536656330476
850,4,2,2,True,2,84
852,4,2,2,True,2,6660
853,4,2,2,True,2,7377009103065498851032020
855,4,2,2,True,3,104
857,4,2,2,True,4,4502963741200
858,4,2,2,True,3,24
860,4,2,2,True,2,132
861,4,2,2,True,2,18457740
862,4,2,2,True,3,12194296994921665128
865,4,2,2,True,3,8251660923733224
868,4,2,2,True,2,130476
869,4,2,2,True,5,2041898807200
873,4,2,2,True,3,2125784
873,8,2,3,True,3,2125784
877,4,2,2,True,2,3933131148
878,4,2,2,True,2,314356
881,4,2,2,True,4,761624136944072910800
882,4,2,2,True,2,660
884,4,2,2,True,3,56
885,4,2,2,True,2,4
889,4,2,2,True,6,443786188413453504
892,4,2,2,True,5,3360
892,8,2,3,True,5,3360
893,4,2,2,True,2,203842100
895,4,2,2,True,2,12
897,4,2,2,True,2,20
901,4,2,2,True,2,60
903,4,2,2,True,2,20
905,4,2,2,True,2,12
909,4,2,2,True,3,2680
913,4,2,2,True,2,17068312251564
915,4,2,2,True,2,4
917,4,2,2,True,2,27197820
921,4,2,2,True,2,83104627139412
924,4,2,2,True,2,380
925,4,2,2,True,2,51156
926,4,2,2,True,3,10008472361032
929,4,2,2,True,3,433896111669844912840
931,4,2,2,True,3,218975640
932,4,2,2,True,2,35127652
933,4,2,2,True,5,2464
937,4,2,2,True,3,15701968936415353889062192632
938,4,2,2,True,4,560
939,4,2,2,True,2,4004
941,4,2,2,True,2,34845956052079180
943,4,2,2,True,3,24
945,4,2,2,True,2,8964
946,4,2,2,True,2,1470417148788
949,4,2,2,True,2,19789181711517243032971740
952,9,3,2,True,3,378
953,4,2,2,True,4,488830275367615376
955,4,2,2,True,2,67800900
956,4,2,2,True,4,2482564242480
957,4,2,2,True,5,480
957,8,2,3,True,5,480
957,16,2,4,True,5,480
958,4,2,2,True,4,541572514048560
964,4,2,2,True,2,324820602522300
965,4,2,2,True,2,14374204
968,9,3,2,True,2,630
969,4,2,2,True,2,436540
973,4,2,2,True,2,28956
974,4,2,2,True,2,15662987185124
975,4,2,2,True,3,40
977,4,2,2,True,3,3481871275306470280
978,4,2,2,True,3,3784
979,4,2,2,True,8,11520
980,4,2,2,True,3,1656
981,4,2,2,True,2,5046808151700
985,4,2,2,True,4,10608
987,4,2,2,True,2,12
988,4,2,2,True,2,462879684
989,4,2,2,True,2,17497618534396
990,4,2,2,True,2,28
993,4,2,2,True,2,84
994,4,2,2,True,2,36
994,9,3,2,True,2,36
995,4,2,2,True,3,280120
997,4,2,2,True,2,456624468
999,4,2,2,True,2,3248924
1020,16,2,4,True,4,16
1022,16,2,4,True,5,32
1025,16,2,4,True,6,64
1026,16,2,4,True,5,32
1028,16,2,4,True,4,16
1045,16,2,4,True,5,14112
1085,16,2,4,True,5,544
1148,9,3,2,True,2,4896
1221,9,3,2,True,2,612
1280,9,3,2,True,2,1449
1288,9,3,2,True,2,9
1292,9,3,2,True,2,18
1294,9,3,2,True,2,36
1297,9,3,2,True,2,72
1298,9,3,2,True,2,36
1300,9,3,2,True,2,18
1304,9,3,2,True,2,9
1312,9,3,2,True,2,1467
1365,9,3,2,True,2,684
1407,25,5,2,True,2,100
1436,9,3,2,True,2,6840
1512,9,3,2,True,2,225
1595,16,2,4,True,4,16
1601,16,2,4,True,4,80
1605,16,2,4,True,4,16
1624,9,3,2,True,2,1475676
1638,9,3,2,True,2,36
1641,9,3,2,True,3,108
1641,27,3,3,True,3,108
1672,9,3,2,True,2,828
1690,9,3,2,True,2,666
1755,9,3,2,True,2,261
2005,9,3,2,True,3,730836
2015,9,3,2,True,2,9
2020,9,3,2,True,2,18
2023,9,3,2,True,2,45
2026,9,3,2,True,2,90
2027,9,3,2,True,2,45
2029,9,3,2,True,3,92446380
2030,9,3,2,True,2,18
2035,9,3,2,True,2,9
2045,9,3,2,True,3,745416
2128,9,3,2,True,2,56115
2298,16,2,4,True,4,16
2301,16,2,4,True,5,32
2302,16,2,4,True,4,48
2305,16,2,4,True,5,96
2306,16,2,4,True,4,48
2307,16,2,4,True,5,32
2310,16,2,4,True,4,16
2390,9,3,2,True,2,792
2397,25,5,2,True,2,1200
2410,9,3,2,True,3,1188
2453,9,3,2,True,2,36
2492,25,5,2,True,2,15600
2496,25,5,2,True,2,25
2498,25,5,2,True,2,50
2501,25,5,2,True,2,100
2502,25,5,2,True,2,50
2504,25,5,2,True,2,25
2508,25,5,2,True,2,15650
2533,25,5,2,True,2,34200
2589,9,3,2,True,3,6359904
2597,25,5,2,True,2,1300
2701,9,3,2,True,6,100334829892096368
2805,9,3,2,True,3,1404
2805,27,3,3,True,3,1404
2892,9,3,2,True,2,2178
2904,9,3,2,True,2,9
2908,9,3,2,True,3,19656
2908,27,3,3,True,3,19656
2910,9,3,2,True,2,18
2912,9,3,2,True,3,27
2912,27,3,3,True,3,27
2913,9,3,2,True,2,36
2914,9,3,2,True,3,54
2914,27,3,3,True,3,54
2917,9,3,2,True,3,108
2917,27,3,3,True,3,108
2918,9,3,2,True,3,54
2918,27,3,3,True,3,54
2919,9,3,2,True,2,36
2920,9,3,2,True,3,27
2920,27,3,3,True,3,27
2922,9,3,2,True,2,18
2924,9,3,2,True,3,19710
2924,27,3,3,True,3,19710
2928,9,3,2,True,2,9
2940,9,3,2,True,2,2196
