d,n,p,a,s,chainC,chainAD,v_p_s,v_p_d1s
3021,27,3,3,1512,True,True,3,3
3038,9,3,2,144,True,True,2,3
3053,9,3,2,381696840,True,True,3,4
3133,9,3,2,5152170840138681288977055501228464820,True,True,6,6
3237,9,3,2,11101320,True,True,3,3
3324,9,3,2,169974,True,True,2,2
3410,9,3,2,6966,True,True,4,6
3419,9,3,2,36,True,True,2,4
3496,9,3,2,63,True,True,2,2
3905,25,5,2,100,True,True,2,2
3941,9,3,2,1436508,True,True,3,6
3955,9,3,2,9,True,True,2,2
3962,9,3,2,18,True,True,2,3
3967,9,3,2,63,True,True,2,2
3970,9,3,2,126,True,True,2,2
3971,9,3,2,63,True,True,2,3
3973,9,3,2,496718460,True,True,3,3
3976,9,3,2,18,True,True,2,2
3983,9,3,2,9,True,True,2,3
3997,9,3,2,1456920,True,True,3,3
4036,9,3,2,9180,True,True,3,3
4472,9,3,2,63,True,True,2,4
4504,9,3,2,1359,True,True,2,2
4532,9,3,2,7650,True,True,2,3
4555,27,3,3,108,True,True,3,3
4557,9,3,2,180,True,True,2,2
4560,9,3,2,36,True,True,2,2
4884,9,3,2,306,True,True,2,2
4892,9,3,2,42840,True,True,2,3
5005,9,3,2,625742712,True,True,3,3
5037,9,3,2,2520,True,True,2,2
5056,9,3,2,180,True,True,2,2
5120,9,3,2,75117609,True,True,2,4
5152,9,3,2,2907,True,True,2,2
5168,9,3,2,9,True,True,2,3
5176,9,3,2,18,True,True,2,2
5180,9,3,2,36,True,True,2,3
5182,9,3,2,72,True,True,2,2
5185,9,3,2,144,True,True,2,2
5186,9,3,2,72,True,True,2,3
5188,9,3,2,36,True,True,2,2
5192,9,3,2,18,True,True,2,4
5200,9,3,2,9,True,True,2,2
5216,9,3,2,2925,True,True,2,3
5248,9,3,2,77951979,True,True,2,2
5325,9,3,2,2664,True,True,2,2
5365,9,3,2,79501321000641358260,True,True,3,3
5403,49,7,2,196,True,True,2,3
5460,9,3,2,342,True,True,2,2
5468,9,3,2,50616,True,True,2,3
5613,25,5,2,43851600,True,True,2,2
5619,25,5,2,25,True,True,2,3
5622,25,5,2,50,True,True,2,2
5623,25,5,2,75,True,True,2,2
5626,25,5,2,150,True,True,2,2
5627,25,5,2,75,True,True,2,2
5628,25,5,2,50,True,True,2,2
5629,25,5,2,1187367300,True,True,2,3
5631,25,5,2,25,True,True,2,2
5637,25,5,2,44039100,True,True,2,2
5642,9,3,2,468,True,True,2,5
5848,9,3,2,36,True,True,2,2
5876,9,3,2,9918,True,True,2,4
5912,9,3,2,1557,True,True,2,6
6001,9,3,2,5517034109568,True,True,2,2
6066,9,3,2,11700,True,True,2,2
6210,9,3,2,161566776,True,True,2,2
6496,9,3,2,737838,True,True,2,2
6525,9,3,2,2378376,True,True,3,3
6543,9,3,2,9,True,True,2,2
6549,27,3,3,64452024,True,True,4,4
6552,9,3,2,18,True,True,2,2
6555,27,3,3,27,True,True,3,3
6558,27,3,3,54,True,True,3,3
6559,81,3,4,81,True,True,4,4
6562,81,3,4,162,True,True,4,4
6563,81,3,4,81,True,True,4,5
6564,27,3,3,54,True,True,3,3
6565,81,3,4,1744455204,True,True,5,5
6567,27,3,3,27,True,True,3,3
6570,9,3,2,18,True,True,2,2
6573,27,3,3,64688220,True,True,4,4
6579,9,3,2,9,True,True,2,2
6597,9,3,2,2404620,True,True,3,3
6908,9,3,2,306,True,True,2,3
7038,9,3,2,14616,True,True,2,2
7315,9,3,2,36,True,True,2,2
7320,9,3,2,693,True,True,2,2
7415,9,3,2,1395,True,True,2,4
7588,9,3,2,504,True,True,2,2
7658,25,5,2,100,True,True,2,2
7900,9,3,2,144,True,True,2,2
7917,9,3,2,3960,True,True,2,2
7957,9,3,2,3860334720,True,True,3,3
8015,9,3,2,4617,True,True,5,6
8060,9,3,2,3636,True,True,2,3
8080,9,3,2,9,True,True,2,2
8090,9,3,2,18,True,True,2,4
8092,9,3,2,91080,True,True,2,2
8095,9,3,2,36,True,True,2,2
8096,9,3,2,45,True,True,2,3
8098,9,3,2,90,True,True,2,2
8101,9,3,2,180,True,True,2,2
8102,9,3,2,90,True,True,2,3
8104,9,3,2,45,True,True,2,2
8105,9,3,2,36,True,True,2,3
8108,9,3,2,91170,True,True,2,4
8110,9,3,2,18,True,True,2,2
8120,9,3,2,9,True,True,2,3
8140,9,3,2,3654,True,True,2,2
8245,9,3,2,3276233645341310996004,True,True,3,3
8277,9,3,2,4140,True,True,2,2
8815,9,3,2,1521,True,True,2,2
8855,9,3,2,99,True,True,2,5
8920,9,3,2,765,True,True,2,2
8925,9,3,2,36,True,True,2,2
8931,9,3,2,252,True,True,2,2
8932,27,3,3,108,True,True,3,3
9405,49,7,2,4704,True,True,2,2
9430,9,3,2,342,True,True,2,2
9596,25,5,2,117600,True,True,2,2
9596,49,7,2,117600,True,True,2,3
9600,49,7,2,49,True,True,2,2
9602,49,7,2,98,True,True,2,2
9605,49,7,2,196,True,True,2,2
9606,49,7,2,98,True,True,2,2
9608,49,7,2,49,True,True,2,2
9612,49,7,2,117698,True,True,2,2
9669,49,7,2,130536,True,True,2,2
9752,9,3,2,12753,True,True,2,3
9757,9,3,2,3556440,True,True,3,3
9779,9,3,2,9,True,True,2,3
9790,9,3,2,18,True,True,2,2
9797,25,5,2,4900,True,True,2,2
9797,49,7,2,4900,True,True,2,2
9799,9,3,2,99,True,True,2,2
9802,9,3,2,198,True,True,2,2
9803,9,3,2,99,True,True,2,3
9805,9,3,2,4756890996,True,True,3,3
9812,9,3,2,18,True,True,2,3
9823,9,3,2,9,True,True,2,2
9845,9,3,2,3588516,True,True,3,5
9895,9,3,2,14364,True,True,3,3
9933,25,5,2,134100,True,True,2,2
9984,25,5,2,31225,True,True,2,3
9992,25,5,2,25,True,True,2,2
9996,25,5,2,50,True,True,2,2
9998,25,5,2,100,True,True,2,2
