d,n,p,a,s,chainC,chainAD,v_p_s,v_p_d1s,g1_ok,glow,gbound_identity,gbound_zero
5,4,2,2,4,True,True,2,3,True,True,True,True
13,4,2,2,180,True,True,2,3,True,True,True,True
14,4,2,2,4,True,True,2,2,True,True,True,True
17,4,2,2,8,True,True,3,4,True,True,True,True
17,8,2,3,8,True,True,3,4,True,True,True,True
18,4,2,2,4,True,True,2,2,True,True,True,True
21,4,2,2,12,True,True,2,3,True,True,True,True
28,4,2,2,24,True,True,3,3,True,True,True,True
29,4,2,2,1820,True,True,2,3,True,True,True,True
33,4,2,2,4,True,True,2,3,True,True,True,True
37,4,2,2,12,True,True,2,3,True,True,True,True
39,4,2,2,4,True,True,2,5,True,True,True,True
41,4,2,2,320,True,True,6,7,True,True,True,True
45,4,2,2,24,True,True,3,4,True,True,True,True
46,4,2,2,3588,True,True,2,2,True,True,True,True
53,4,2,2,9100,True,True,2,3,True,True,True,True
55,4,2,2,12,True,True,2,5,True,True,True,True
57,4,2,2,20,True,True,2,3,True,True,True,True
60,4,2,2,4,True,True,2,2,True,True,True,True
61,4,2,2,226153980,True,True,2,3,True,True,True,True
62,4,2,2,8,True,True,3,3,True,True,True,True
62,8,2,3,8,True,True,3,3,True,True,True,True
65,4,2,2,16,True,True,4,5,True,True,True,True
65,8,2,3,16,True,True,4,5,True,True,True,True
65,16,2,4,16,True,True,4,5,True,True,True,True
66,4,2,2,8,True,True,3,3,True,True,True,True
66,8,2,3,8,True,True,3,3,True,True,True,True
68,4,2,2,4,True,True,2,2,True,True,True,True
69,4,2,2,936,True,True,3,4,True,True,True,True
73,4,2,2,267000,True,True,3,4,True,True,True,True
77,4,2,2,40,True,True,3,4,True,True,True,True
79,9,3,2,9,True,True,2,2,True,True,True,True
82,9,3,2,18,True,True,2,2,True,True,True,True
83,9,3,2,9,True,True,2,3,True,True,True,True
85,4,2,2,30996,True,True,2,3,True,True,True,True
85,9,3,2,30996,True,True,3,3,True,True,True,True
89,4,2,2,53000,True,True,3,4,True,True,True,True
92,4,2,2,120,True,True,3,3,True,True,True,True
93,4,2,2,1260,True,True,2,3,True,True,True,True
94,4,2,2,221064,True,True,3,3,True,True,True,True
95,4,2,2,4,True,True,2,7,True,True,True,True
97,4,2,2,6377352,True,True,3,4,True,True,True,True
101,4,2,2,20,True,True,2,3,True,True,True,True
105,4,2,2,4,True,True,2,3,True,True,True,True
109,4,2,2,15140424455100,True,True,2,3,True,True,True,True
111,4,2,2,28,True,True,2,6,True,True,True,True
112,4,2,2,12,True,True,2,2,True,True,True,True
113,4,2,2,113296,True,True,4,5,True,True,True,True
114,4,2,2,96,True,True,5,5,True,True,True,True
117,4,2,2,60,True,True,2,3,True,True,True,True
124,4,2,2,414960,True,True,4,4,True,True,True,True
125,4,2,2,83204,True,True,2,3,True,True,True,True
126,4,2,2,40,True,True,3,3,True,True,True,True
129,4,2,2,1484,True,True,2,3,True,True,True,True
133,4,2,2,224460,True,True,2,3,True,True,True,True
137,4,2,2,519712,True,True,5,6,True,True,True,True
138,4,2,2,4,True,True,2,2,True,True,True,True
141,4,2,2,8,True,True,3,4,True,True,True,True
141,8,2,3,8,True,True,3,4,True,True,True,True
142,4,2,2,12,True,True,2,2,True,True,True,True
145,4,2,2,24,True,True,3,4,True,True,True,True
145,8,2,3,24,True,True,3,4,True,True,True,True
146,4,2,2,12,True,True,2,2,True,True,True,True
147,4,2,2,8,True,True,3,5,True,True,True,True
147,8,2,3,8,True,True,3,5,True,True,True,True
149,4,2,2,2113761020,True,True,2,3,True,True,True,True
150,4,2,2,4,True,True,2,2,True,True,True,True
153,4,2,2,176,True,True,4,5,True,True,True,True
154,4,2,2,1716,True,True,2,2,True,True,True,True
155,4,2,2,20,True,True,2,4,True,True,True,True
157,4,2,2,3726964292220,True,True,2,3,True,True,True,True
158,4,2,2,616,True,True,3,3,True,True,True,True
161,4,2,2,928,True,True,5,6,True,True,True,True
162,4,2,2,1540,True,True,2,2,True,True,True,True
164,4,2,2,160,True,True,5,5,True,True,True,True
165,4,2,2,84,True,True,2,3,True,True,True,True
173,4,2,2,190060,True,True,2,3,True,True,True,True
177,4,2,2,4692,True,True,2,3,True,True,True,True
178,4,2,2,120,True,True,3,3,True,True,True,True
180,4,2,2,12,True,True,2,2,True,True,True,True
181,4,2,2,183567298683461940,True,True,2,3,True,True,True,True
183,4,2,2,36,True,True,2,5,True,True,True,True
183,9,3,2,36,True,True,2,2,True,True,True,True
185,4,2,2,680,True,True,3,4,True,True,True,True
188,4,2,2,336,True,True,4,4,True,True,True,True
189,4,2,2,4,True,True,2,3,True,True,True,True
193,4,2,2,448036604040,True,True,3,4,True,True,True,True
197,4,2,2,28,True,True,2,3,True,True,True,True
201,4,2,2,36332,True,True,2,3,True,True,True,True
203,4,2,2,4,True,True,2,4,True,True,True,True
205,4,2,2,2772,True,True,2,3,True,True,True,True
206,4,2,2,4148,True,True,2,2,True,True,True,True
207,4,2,2,80,True,True,4,8,True,True,True,True
209,4,2,2,3220,True,True,2,3,True,True,True,True
213,4,2,2,13320,True,True,3,4,True,True,True,True
217,4,2,2,260952,True,True,3,4,True,True,True,True
221,4,2,2,112,True,True,4,5,True,True,True,True
221,8,2,3,112,True,True,4,5,True,True,True,True
229,4,2,2,386460,True,True,2,3,True,True,True,True
233,4,2,2,70255304,True,True,3,4,True,True,True,True
234,4,2,2,340,True,True,2,2,True,True,True,True
237,4,2,2,14820,True,True,2,3,True,True,True,True
238,4,2,2,756,True,True,2,2,True,True,True,True
241,4,2,2,649641205044600,True,True,3,4,True,True,True,True
242,4,2,2,1260,True,True,2,2,True,True,True,True
245,4,2,2,3312,True,True,4,5,True,True,True,True
245,8,2,3,3312,True,True,4,5,True,True,True,True
248,4,2,2,4,True,True,2,2,True,True,True,True
249,4,2,2,542076,True,True,2,3,True,True,True,True
252,4,2,2,8,True,True,3,3,True,True,True,True
252,8,2,3,8,True,True,3,3,True,True,True,True
253,4,2,2,202604220,True,True,2,3,True,True,True,True
254,4,2,2,16,True,True,4,4,True,True,True,True
254,8,2,3,16,True,True,4,4,True,True,True,True
254,16,2,4,16,True,True,4,4,True,True,True,True
257,4,2,2,32,True,True,5,6,True,True,True,True
257,8,2,3,32,True,True,5,6,True,True,True,True
257,16,2,4,32,True,True,5,6,True,True,True,True
257,32,2,5,32,True,True,5,6,True,True,True,True
258,4,2,2,16,True,True,4,4,True,True,True,True
258,8,2,3,16,True,True,4,4,True,True,True,True
258,16,2,4,16,True,True,4,4,True,True,True,True
259,4,2,2,52644,True,True,2,4,True,True,True,True
260,4,2,2,8,True,True,3,3,True,True,True,True
260,8,2,3,8,True,True,3,3,True,True,True,True
261,4,2,2,11891880,True,True,3,4,True,True,True,True
264,4,2,2,4,True,True,2,2,True,True,True,True
265,4,2,2,4529712,True,True,4,5,True,True,True,True
269,4,2,2,820,True,True,2,3,True,True,True,True
273,4,2,2,44,True,True,2,3,True,True,True,True
275,4,2,2,12,True,True,2,4,True,True,True,True
276,4,2,2,468,True,True,2,2,True,True,True,True
277,4,2,2,9562401173878027020,True,True,2,3,True,True,True,True
281,4,2,2,134951575480,True,True,3,4,True,True,True,True
282,4,2,2,140,True,True,2,2,True,True,True,True
284,4,2,2,1437240,True,True,3,3,True,True,True,True
285,4,2,2,144,True,True,4,5,True,True,True,True
285,8,2,3,144,True,True,4,5,True,True,True,True
285,9,3,2,144,True,True,2,2,True,True,True,True
292,4,2,2,133500,True,True,2,2,True,True,True,True
293,4,2,2,719780,True,True,2,3,True,True,True,True
294,4,2,2,280,True,True,3,3,True,True,True,True
294,8,2,3,280,True,True,3,3,True,True,True,True
295,4,2,2,117900,True,True,2,5,True,True,True,True
297,4,2,2,2820,True,True,2,3,True,True,True,True
299,4,2,2,24,True,True,3,5,True,True,True,True
301,4,2,2,339113108232,True,True,3,4,True,True,True,True
302,4,2,2,246092,True,True,2,2,True,True,True,True
305,4,2,2,28,True,True,2,3,True,True,True,True
308,4,2,2,20,True,True,2,2,True,True,True,True
309,4,2,2,3652365444,True,True,2,3,True,True,True,True
310,4,2,2,48204,True,True,2,2,True,True,True,True
313,4,2,2,1819380158564160,True,True,6,7,True,True,True,True
315,4,2,2,4,True,True,2,4,True,True,True,True
316,4,2,2,720,True,True,4,4,True,True,True,True
316,9,3,2,720,True,True,2,2,True,True,True,True
317,4,2,2,13967198980,True,True,2,3,True,True,True,True
320,9,3,2,9,True,True,2,3,True,True,True,True
321,4,2,2,12,True,True,2,3,True,True,True,True
322,9,3,2,18,True,True,2,2,True,True,True,True
325,4,2,2,36,True,True,2,3,True,True,True,True
325,9,3,2,36,True,True,2,2,True,True,True,True
326,9,3,2,18,True,True,2,3,True,True,True,True
327,4,2,2,12,True,True,2,5,True,True,True,True
328,9,3,2,9,True,True,2,2,True,True,True,True
329,4,2,2,131016,True,True,3,4,True,True,True,True
332,9,3,2,738,True,True,2,4,True,True,True,True
333,4,2,2,4,True,True,2,3,True,True,True,True
334,4,2,2,3491219999244,True,True,2,2,True,True,True,True
337,4,2,2,112422913565764752,True,True,4,5,True,True,True,True
341,4,2,2,575460,True,True,2,3,True,True,True,True
345,4,2,2,364,True,True,2,3,True,True,True,True
348,4,2,2,84,True,True,2,2,True,True,True,True
349,4,2,2,9081060,True,True,2,3,True,True,True,True
350,4,2,2,24,True,True,3,3,True,True,True,True
351,4,2,2,3332,True,True,2,7,True,True,True,True
353,4,2,2,540608704,True,True,6,7,True,True,True,True
354,4,2,2,13716,True,True,2,2,True,True,True,True
355,4,2,2,50676,True,True,2,4,True,True,True,True
356,4,2,2,26500,True,True,2,2,True,True,True,True
357,4,2,2,180,True,True,2,3,True,True,True,True
357,9,3,2,180,True,True,2,2,True,True,True,True
365,4,2,2,1251796,True,True,2,3,True,True,True,True
368,4,2,2,60,True,True,2,2,True,True,True,True
369,4,2,2,437120,True,True,7,8,True,True,True,True
371,4,2,2,88,True,True,3,5,True,True,True,True
373,4,2,2,2712540,True,True,2,3,True,True,True,True
376,4,2,2,110532,True,True,2,2,True,True,True,True
377,4,2,2,12,True,True,2,3,True,True,True,True
381,4,2,2,52,True,True,2,3,True,True,True,True
382,4,2,2,8442054600,True,True,3,3,True,True,True,True
385,4,2,2,4884,True,True,2,3,True,True,True,True
388,4,2,2,3188676,True,True,2,2,True,True,True,True
389,4,2,2,166660,True,True,2,3,True,True,True,True
390,4,2,2,4,True,True,2,2,True,True,True,True
393,4,2,2,2342444,True,True,2,3,True,True,True,True
395,4,2,2,8,True,True,3,5,True,True,True,True
395,8,2,3,8,True,True,3,5,True,True,True,True
397,4,2,2,42094239791738433660,True,True,2,3,True,True,True,True
398,4,2,2,20,True,True,2,2,True,True,True,True
401,4,2,2,40,True,True,3,4,True,True,True,True
401,8,2,3,40,True,True,3,4,True,True,True,True
402,4,2,2,20,True,True,2,2,True,True,True,True
405,4,2,2,8,True,True,3,4,True,True,True,True
405,8,2,3,8,True,True,3,4,True,True,True,True
406,4,2,2,2951352,True,True,3,3,True,True,True,True
407,4,2,2,132,True,True,2,5,True,True,True,True
409,4,2,2,1238789998647218582160,True,True,4,5,True,True,True,True
410,4,2,2,4,True,True,2,2,True,True,True,True
412,4,2,2,5100950232,True,True,3,3,True,True,True,True
413,4,2,2,5580,True,True,2,3,True,True,True,True
414,4,2,2,1196,True,True,2,2,True,True,True,True
417,4,2,2,4178268,True,True,2,3,True,True,True,True
418,4,2,2,1656,True,True,3,3,True,True,True,True
421,4,2,2,189073995951839020880499780706260,True,True,2,3,True,True,True,True
423,4,2,2,224,True,True,5,8,True,True,True,True
425,4,2,2,6968,True,True,3,4,True,True,True,True
426,4,2,2,4300,True,True,2,2,True,True,True,True
429,4,2,2,73584,True,True,4,5,True,True,True,True
433,4,2,2,5025068784834899736,True,True,3,4,True,True,True,True
437,4,2,2,220,True,True,2,3,True,True,True,True
445,4,2,2,2060604,True,True,2,3,True,True,True,True
446,4,2,2,5216512,True,True,8,8,True,True,True,True
449,4,2,2,3388393513402120,True,True,3,4,True,True,True,True
450,4,2,2,924,True,True,2,2,True,True,True,True
452,4,2,2,56648,True,True,3,3,True,True,True,True
453,4,2,2,77700,True,True,2,3,True,True,True,True
456,4,2,2,48,True,True,4,4,True,True,True,True
457,4,2,2,326662411570389853632,True,True,6,7,True,True,True,True
461,4,2,2,55067617520620,True,True,2,3,True,True,True,True
465,4,2,2,736,True,True,5,6,True,True,True,True
466,4,2,2,43466808,True,True,3,3,True,True,True,True
469,4,2,2,6336,True,True,6,7,True,True,True,True
471,4,2,2,361188,True,True,2,5,True,True,True,True
473,4,2,2,4,True,True,2,3,True,True,True,True
475,4,2,2,2652,True,True,2,4,True,True,True,True
476,4,2,2,1320,True,True,3,3,True,True,True,True
477,4,2,2,401910600,True,True,3,4,True,True,True,True
478,4,2,2,73974475657896,True,True,3,3,True,True,True,True
481,4,2,2,84769117080,True,True,3,4,True,True,True,True
485,4,2,2,44,True,True,2,3,True,True,True,True
489,4,2,2,343350596,True,True,2,3,True,True,True,True
490,4,2,2,46968,True,True,3,3,True,True,True,True
493,4,2,2,42140131020,True,True,2,3,True,True,True,True
495,4,2,2,4,True,True,2,6,True,True,True,True
496,4,2,2,207480,True,True,3,3,True,True,True,True
497,4,2,2,53912,True,True,3,4,True,True,True,True
498,4,2,2,8056,True,True,3,3,True,True,True,True
501,4,2,2,502288218432,True,True,6,7,True,True,True,True
504,4,2,2,20,True,True,2,2,True,True,True,True
505,4,2,2,36,True,True,2,3,True,True,True,True
505,9,3,2,36,True,True,2,2,True,True,True,True
507,4,2,2,60,True,True,2,4,True,True,True,True
508,4,2,2,1985797689600,True,True,8,8,True,True,True,True
509,4,2,2,13882400040814700,True,True,2,3,True,True,True,True
510,4,2,2,12,True,True,2,2,True,True,True,True
513,4,2,2,608020,True,True,2,3,True,True,True,True
514,4,2,2,204,True,True,2,2,True,True,True,True
517,4,2,2,25990786260,True,True,2,3,True,True,True,True
518,4,2,2,104,True,True,3,3,True,True,True,True
521,4,2,2,1444066532654320,True,True,4,5,True,True,True,True
525,4,2,2,264,True,True,3,4,True,True,True,True
526,4,2,2,3665019757324295532,True,True,2,2,True,True,True,True
533,4,2,2,3242540,True,True,2,3,True,True,True,True
537,4,2,2,8300492,True,True,2,3,True,True,True,True
540,4,2,2,5124,True,True,2,2,True,True,True,True
541,4,2,2,159395869721270110077187138775196900,True,True,2,3,True,True,True,True
542,4,2,2,184408,True,True,3,3,True,True,True,True
543,4,2,2,28724,True,True,2,7,True,True,True,True
545,4,2,2,84,True,True,2,3,True,True,True,True
548,4,2,2,259856,True,True,4,4,True,True,True,True
549,4,2,2,75384660,True,True,2,3,True,True,True,True
553,4,2,2,26562217704,True,True,3,4,True,True,True,True
557,4,2,2,1180,True,True,2,3,True,True,True,True
558,4,2,2,336,True,True,4,4,True,True,True,True
559,4,2,2,21425556,True,True,2,6,True,True,True,True
561,4,2,2,22072,True,True,3,4,True,True,True,True
562,4,2,2,9319728,True,True,4,4,True,True,True,True
564,4,2,2,4,True,True,2,2,True,True,True,True
565,4,2,2,18311501103948,True,True,2,3,True,True,True,True
569,4,2,2,702635588524014320,True,True,4,5,True,True,True,True
570,4,2,2,8,True,True,3,3,True,True,True,True
570,8,2,3,8,True,True,3,3,True,True,True,True
572,4,2,2,12,True,True,2,2,True,True,True,True
573,4,2,2,16,True,True,4,5,True,True,True,True
573,8,2,3,16,True,True,4,5,True,True,True,True
573,16,2,4,16,True,True,4,5,True,True,True,True
574,4,2,2,24,True,True,3,3,True,True,True,True
574,8,2,3,24,True,True,3,3,True,True,True,True
577,4,2,2,48,True,True,4,5,True,True,True,True
577,8,2,3,48,True,True,4,5,True,True,True,True
577,16,2,4,48,True,True,4,5,True,True,True,True
578,4,2,2,24,True,True,3,3,True,True,True,True
578,8,2,3,24,True,True,3,3,True,True,True,True
579,4,2,2,16,True,True,4,6,True,True,True,True
579,8,2,3,16,True,True,4,6,True,True,True,True
579,16,2,4,16,True,True,4,6,True,True,True,True
580,4,2,2,12,True,True,2,2,True,True,True,True
581,4,2,2,6308974548,True,True,2,3,True,True,True,True
582,4,2,2,8,True,True,3,3,True,True,True,True
582,8,2,3,8,True,True,3,3,True,True,True,True
583,4,2,2,349116,True,True,2,5,True,True,True,True
585,4,2,2,1376,True,True,5,6,True,True,True,True
588,4,2,2,4,True,True,2,2,True,True,True,True
589,4,2,2,1706811823063746000,True,True,4,5,True,True,True,True
593,4,2,2,29629176560,True,True,4,5,True,True,True,True
594,4,2,2,45064,True,True,3,3,True,True,True,True
597,4,2,2,18961078500,True,True,2,3,True,True,True,True
598,4,2,2,64380,True,True,2,2,True,True,True,True
601,4,2,2,1586878942101888360258625080,True,True,3,4,True,True,True,True
602,4,2,2,28,True,True,2,2,True,True,True,True
604,4,2,2,243037569063951720,True,True,3,3,True,True,True,True
605,4,2,2,37820,True,True,2,3,True,True,True,True
609,4,2,2,24544,True,True,5,6,True,True,True,True
612,4,2,2,88,True,True,3,3,True,True,True,True
613,4,2,2,18741545784831997880308784340,True,True,2,3,True,True,True,True
617,4,2,2,135413180018248,True,True,3,4,True,True,True,True
621,4,2,2,312,True,True,3,4,True,True,True,True
622,4,2,2,553504812,True,True,2,2,True,True,True,True
623,25,5,2,25,True,True,2,2,True,True,True,True
626,25,5,2,50,True,True,2,2,True,True,True,True
627,25,5,2,25,True,True,2,2,True,True,True,True
629,4,2,2,4914100,True,True,2,3,True,True,True,True
629,25,5,2,4914100,True,True,2,3,True,True,True,True
632,4,2,2,308,True,True,2,2,True,True,True,True
633,4,2,2,17519124,True,True,2,3,True,True,True,True
636,4,2,2,139020,True,True,2,2,True,True,True,True
637,4,2,2,56233877040,True,True,4,5,True,True,True,True
639,4,2,2,958160,True,True,4,11,True,True,True,True
641,4,2,2,103066257550962737720,True,True,3,4,True,True,True,True
642,4,2,2,228,True,True,2,2,True,True,True,True
644,4,2,2,464,True,True,4,4,True,True,True,True
645,4,2,2,40320,True,True,7,8,True,True,True,True
646,4,2,2,12,True,True,2,2,True,True,True,True
649,4,2,2,44104892095380,True,True,2,3,True,True,True,True
651,4,2,2,68,True,True,2,4,True,True,True,True
653,4,2,2,410896226494013260,True,True,2,3,True,True,True,True
655,4,2,2,28824684,True,True,2,6,True,True,True,True
656,4,2,2,80,True,True,4,4,True,True,True,True
657,4,2,2,89000,True,True,3,4,True,True,True,True
661,4,2,2,638728478116949861246791167518480580,True,True,2,3,True,True,True,True
663,4,2,2,4,True,True,2,5,True,True,True,True
665,4,2,2,532,True,True,2,3,True,True,True,True
666,4,2,2,1060380,True,True,2,2,True,True,True,True
667,4,2,2,4147668,True,True,2,4,True,True,True,True
668,4,2,2,2184,True,True,3,3,True,True,True,True
669,4,2,2,550013492618436,True,True,2,3,True,True,True,True
673,4,2,2,183696788896587421699032600,True,True,3,4,True,True,True,True
677,4,2,2,52,True,True,2,3,True,True,True,True
681,4,2,2,411679015748,True,True,2,3,True,True,True,True
685,4,2,2,3652413145693884,True,True,2,3,True,True,True,True
686,4,2,2,414260228,True,True,2,2,True,True,True,True
687,4,2,2,6308,True,True,2,6,True,True,True,True
689,4,2,2,4,True,True,2,3,True,True,True,True
690,4,2,2,56,True,True,3,3,True,True,True,True
693,4,2,2,9360,True,True,4,5,True,True,True,True
695,4,2,2,1276,True,True,2,5,True,True,True,True
697,4,2,2,1320,True,True,3,4,True,True,True,True
700,4,2,2,309672,True,True,3,3,True,True,True,True
701,4,2,2,10485980,True,True,2,3,True,True,True,True
705,4,2,2,8932,True,True,2,3,True,True,True,True
709,4,2,2,25003993164540,True,True,2,3,True,True,True,True
710,4,2,2,48,True,True,4,4,True,True,True,True
712,4,2,2,60,True,True,2,2,True,True,True,True
713,4,2,2,197976,True,True,3,4,True,True,True,True
717,4,2,2,261360,True,True,4,5,True,True,True,True
717,9,3,2,261360,True,True,3,3,True,True,True,True
718,4,2,2,333391496474140716,True,True,2,2,True,True,True,True
721,4,2,2,693898530122112,True,True,7,8,True,True,True,True
722,4,2,2,841812,True,True,2,2,True,True,True,True
723,9,3,2,9,True,True,2,2,True,True,True,True
725,4,2,2,364,True,True,2,3,True,True,True,True
726,9,3,2,18,True,True,2,2,True,True,True,True
727,9,3,2,27,True,True,3,3,True,True,True,True
727,27,3,3,27,True,True,3,3,True,True,True,True
730,9,3,2,54,True,True,3,3,True,True,True,True
730,27,3,3,54,True,True,3,3,True,True,True,True
731,9,3,2,27,True,True,3,4,True,True,True,True
731,27,3,3,27,True,True,3,4,True,True,True,True
732,9,3,2,18,True,True,2,2,True,True,True,True
733,4,2,2,7213860,True,True,2,3,True,True,True,True
733,9,3,2,7213860,True,True,4,4,True,True,True,True
733,27,3,3,7213860,True,True,4,4,True,True,True,True
734,4,2,2,383656,True,True,3,3,True,True,True,True
735,9,3,2,9,True,True,2,2,True,True,True,True
737,4,2,2,9318468,True,True,2,3,True,True,True,True
740,4,2,2,340,True,True,2,2,True,True,True,True
741,4,2,2,270108,True,True,2,3,True,True,True,True
741,9,3,2,270108,True,True,3,3,True,True,True,True
742,4,2,2,9658380,True,True,2,2,True,True,True,True
745,4,2,2,467820,True,True,2,3,True,True,True,True
749,4,2,2,39631020176,True,True,4,5,True,True,True,True
752,4,2,2,168,True,True,3,3,True,True,True,True
753,4,2,2,11243313484,True,True,2,3,True,True,True,True
755,4,2,2,44,True,True,2,4,True,True,True,True
757,4,2,2,136299971388,True,True,2,3,True,True,True,True
759,4,2,2,20,True,True,2,5,True,True,True,True
761,4,2,2,46400,True,True,6,7,True,True,True,True
763,4,2,2,26055780,True,True,2,4,True,True,True,True
764,4,2,2,5853142302000,True,True,4,4,True,True,True,True
765,4,2,2,10332,True,True,2,3,True,True,True,True
766,4,2,2,5272795728865625208,True,True,3,3,True,True,True,True
769,4,2,2,19320788325040337217824455505160,True,True,3,4,True,True,True,True
770,4,2,2,4,True,True,2,2,True,True,True,True
772,4,2,2,224018302020,True,True,2,2,True,True,True,True
773,4,2,2,129748968980,True,True,2,3,True,True,True,True
775,4,2,2,165984,True,True,5,8,True,True,True,True
777,4,2,2,8,True,True,3,4,True,True,True,True
777,8,2,3,8,True,True,3,4,True,True,True,True
781,4,2,2,2419140,True,True,2,3,True,True,True,True
782,4,2,2,28,True,True,2,2,True,True,True,True
785,4,2,2,56,True,True,3,4,True,True,True,True
785,8,2,3,56,True,True,3,4,True,True,True,True
786,4,2,2,28,True,True,2,2,True,True,True,True
789,4,2,2,573768548496,True,True,4,5,True,True,True,True
790,4,2,2,235389096,True,True,3,3,True,True,True,True
791,4,2,2,8,True,True,3,6,True,True,True,True
791,8,2,3,8,True,True,3,6,True,True,True,True
793,4,2,2,156,True,True,2,3,True,True,True,True
796,4,2,2,18756227493635055480,True,True,3,3,True,True,True,True
797,4,2,2,43276943002540,True,True,2,3,True,True,True,True
798,4,2,2,4,True,True,2,2,True,True,True,True
801,4,2,2,17666702000,True,True,4,5,True,True,True,True
805,4,2,2,53392104,True,True,3,4,True,True,True,True
809,4,2,2,13235458622462202510640,True,True,4,5,True,True,True,True
813,4,2,2,76,True,True,2,3,True,True,True,True
817,4,2,2,12,True,True,2,3,True,True,True,True
821,4,2,2,314136625452886403879740,True,True,2,3,True,True,True,True
825,4,2,2,1692,True,True,2,3,True,True,True,True
828,4,2,2,40,True,True,3,3,True,True,True,True
829,4,2,2,16665383182260,True,True,2,3,True,True,True,True
831,4,2,2,339948,True,True,2,8,True,True,True,True
833,4,2,2,328416,True,True,5,6,True,True,True,True
834,4,2,2,226897244,True,True,2,2,True,True,True,True
837,4,2,2,420,True,True,2,3,True,True,True,True
845,4,2,2,10304396,True,True,2,3,True,True,True,True
846,4,2,2,73688,True,True,3,3,True,True,True,True
847,4,2,2,281520,True,True,4,8,True,True,True,True
849,4,2,2,51536656330476,True,True,2,3,True,True,True,True
850,4,2,2,84,True,True,2,2,True,True,True,True
852,4,2,2,6660,True,True,2,2,True,True,True,True
853,4,2,2,7377009103065498851032020,True,True,2,3,True,True,True,True
855,4,2,2,104,True,True,3,6,True,True,True,True
857,4,2,2,4502963741200,True,True,4,5,True,True,True,True
858,4,2,2,24,True,True,3,3,True,True,True,True
860,4,2,2,132,True,True,2,2,True,True,True,True
861,4,2,2,18457740,True,True,2,3,True,True,True,True
862,4,2,2,12194296994921665128,True,True,3,3,True,True,True,True
865,4,2,2,8251660923733224,True,True,3,4,True,True,True,True
868,4,2,2,130476,True,True,2,2,True,True,True,True
869,4,2,2,2041898807200,True,True,5,6,True,True,True,True
873,4,2,2,2125784,True,True,3,4,True,True,True,True
873,8,2,3,2125784,True,True,3,4,True,True,True,True
877,4,2,2,3933131148,True,True,2,3,True,True,True,True
878,4,2,2,314356,True,True,2,2,True,True,True,True
881,4,2,2,761624136944072910800,True,True,4,5,True,True,True,True
882,4,2,2,660,True,True,2,2,True,True,True,True
884,4,2,2,56,True,True,3,3,True,True,True,True
885,4,2,2,4,True,True,2,3,True,True,True,True
889,4,2,2,443786188413453504,True,True,6,7,True,True,True,True
892,4,2,2,3360,True,True,5,5,True,True,True,True
892,8,2,3,3360,True,True,5,5,True,True,True,True
893,4,2,2,203842100,True,True,2,3,True,True,True,True
895,4,2,2,12,True,True,2,9,True,True,True,True
897,4,2,2,20,True,True,2,3,True,True,True,True
901,4,2,2,60,True,True,2,3,True,True,True,True
903,4,2,2,20,True,True,2,5,True,True,True,True
905,4,2,2,12,True,True,2,3,True,True,True,True
909,4,2,2,2680,True,True,3,4,True,True,True,True
913,4,2,2,17068312251564,True,True,2,3,True,True,True,True
915,4,2,2,4,True,True,2,4,True,True,True,True
917,4,2,2,27197820,True,True,2,3,True,True,True,True
921,4,2,2,83104627139412,True,True,2,3,True,True,True,True
924,4,2,2,380,True,True,2,2,True,True,True,True
925,4,2,2,51156,True,True,2,3,True,True,True,True
926,4,2,2,10008472361032,True,True,3,3,True,True,True,True
929,4,2,2,433896111669844912840,True,True,3,4,True,True,True,True
931,4,2,2,218975640,True,True,3,5,True,True,True,True
932,4,2,2,35127652,True,True,2,2,True,True,True,True
933,4,2,2,2464,True,True,5,6,True,True,True,True
937,4,2,2,15701968936415353889062192632,True,True,3,4,True,True,True,True
938,4,2,2,560,True,True,4,4,True,True,True,True
939,4,2,2,4004,True,True,2,4,True,True,True,True
941,4,2,2,34845956052079180,True,True,2,3,True,True,True,True
943,4,2,2,24,True,True,3,7,True,True,True,True
945,4,2,2,8964,True,True,2,3,True,True,True,True
946,4,2,2,1470417148788,True,True,2,2,True,True,True,True
949,4,2,2,19789181711517243032971740,True,True,2,3,True,True,True,True
952,9,3,2,378,True,True,3,3,True,True,True,True
953,4,2,2,488830275367615376,True,True,4,5,True,True,True,True
955,4,2,2,67800900,True,True,2,4,True,True,True,True
956,4,2,2,2482564242480,True,True,4,4,True,True,True,True
957,4,2,2,480,True,True,5,6,True,True,True,True
957,8,2,3,480,True,True,5,6,True,True,True,True
957,16,2,4,480,True,True,5,6,True,True,True,True
958,4,2,2,541572514048560,True,True,4,4,True,True,True,True
964,4,2,2,324820602522300,True,True,2,2,True,True,True,True
965,4,2,2,14374204,True,True,2,3,True,True,True,True
968,9,3,2,630,True,True,2,3,True,True,True,True
969,4,2,2,436540,True,True,2,3,True,True,True,True
973,4,2,2,28956,True,True,2,3,True,True,True,True
974,4,2,2,15662987185124,True,True,2,2,True,True,True,True
975,4,2,2,40,True,True,3,7,True,True,True,True
977,4,2,2,3481871275306470280,True,True,3,4,True,True,True,True
978,4,2,2,3784,True,True,3,3,True,True,True,True
979,4,2,2,11520,True,True,8,10,True,True,True,True
980,4,2,2,1656,True,True,3,3,True,True,True,True
981,4,2,2,5046808151700,True,True,2,3,True,True,True,True
985,4,2,2,10608,True,True,4,5,True,True,True,True
987,4,2,2,12,True,True,2,4,True,True,True,True
988,4,2,2,462879684,True,True,2,2,True,True,True,True
989,4,2,2,17497618534396,True,True,2,3,True,True,True,True
990,4,2,2,28,True,True,2,2,True,True,True,True
993,4,2,2,84,True,True,2,3,True,True,True,True
994,4,2,2,36,True,True,2,2,True,True,True,True
994,9,3,2,36,True,True,2,2,True,True,True,True
995,4,2,2,280120,True,True,3,5,True,True,True,True
997,4,2,2,456624468,True,True,2,3,True,True,True,True
999,4,2,2,3248924,True,True,2,5,True,True,True,True
1020,16,2,4,16,True,True,4,4,True,True,True,True
1022,16,2,4,32,True,True,5,5,True,True,True,True
1025,16,2,4,64,True,True,6,7,True,True,True,True
1026,16,2,4,32,True,True,5,5,True,True,True,True
1028,16,2,4,16,True,True,4,4,True,True,True,True
1045,16,2,4,14112,True,True,5,6,True,True,True,True
1085,16,2,4,544,True,True,5,6,True,True,True,True
1148,9,3,2,4896,True,True,2,3,True,True,True,True
1221,9,3,2,612,True,True,2,2,True,True,True,True
1280,9,3,2,1449,True,True,2,3,True,True,True,True
1288,9,3,2,9,True,True,2,2,True,True,True,True
1292,9,3,2,18,True,True,2,3,True,True,True,True
1294,9,3,2,36,True,True,2,2,True,True,True,True
1297,9,3,2,72,True,True,2,2,True,True,True,True
1298,9,3,2,36,True,True,2,3,True,True,True,True
1300,9,3,2,18,True,True,2,2,True,True,True,True
1304,9,3,2,9,True,True,2,4,True,True,True,True
1312,9,3,2,1467,True,True,2,2,True,True,True,True
1365,9,3,2,684,True,True,2,2,True,True,True,True
1407,25,5,2,100,True,True,2,2,True,True,True,True
1436,9,3,2,6840,True,True,2,3,True,True,True,True
1512,9,3,2,225,True,True,2,2,True,True,True,True
1595,16,2,4,16,True,True,4,6,True,True,True,True
1601,16,2,4,80,True,True,4,5,True,True,True,True
1605,16,2,4,16,True,True,4,5,True,True,True,True
1624,9,3,2,1475676,True,True,2,2,True,True,True,True
1638,9,3,2,36,True,True,2,2,True,True,True,True
1641,9,3,2,108,True,True,3,3,True,True,True,True
1641,27,3,3,108,True,True,3,3,True,True,True,True
1672,9,3,2,828,True,True,2,2,True,True,True,True
1690,9,3,2,666,True,True,2,2,True,True,True,True
1755,9,3,2,261,True,True,2,2,True,True,True,True
2005,9,3,2,730836,True,True,3,3,True,True,True,True
2015,9,3,2,9,True,True,2,4,True,True,True,True
2020,9,3,2,18,True,True,2,2,True,True,True,True
2023,9,3,2,45,True,True,2,2,True,True,True,True
2026,9,3,2,90,True,True,2,2,True,True,True,True
2027,9,3,2,45,True,True,2,3,True,True,True,True
2029,9,3,2,92446380,True,True,3,3,True,True,True,True
2030,9,3,2,18,True,True,2,3,True,True,True,True
2035,9,3,2,9,True,True,2,2,True,True,True,True
2045,9,3,2,745416,True,True,3,4,True,True,True,True
2128,9,3,2,56115,True,True,2,2,True,True,True,True
2298,16,2,4,16,True,True,4,4,True,True,True,True
2301,16,2,4,32,True,True,5,6,True,True,True,True
2302,16,2,4,48,True,True,4,4,True,True,True,True
2305,16,2,4,96,True,True,5,6,True,True,True,True
2306,16,2,4,48,True,True,4,4,True,True,True,True
2307,16,2,4,32,True,True,5,7,True,True,True,True
2310,16,2,4,16,True,True,4,4,True,True,True,True
2390,9,3,2,792,True,True,2,3,True,True,True,True
2397,25,5,2,1200,True,True,2,2,True,True,True,True
2410,9,3,2,1188,True,True,3,3,True,True,True,True
2453,9,3,2,36,True,True,2,3,True,True,True,True
2492,25,5,2,15600,True,True,2,2,True,True,True,True
2496,25,5,2,25,True,True,2,2,True,True,True,True
2498,25,5,2,50,True,True,2,2,True,True,True,True
2501,25,5,2,100,True,True,2,2,True,True,True,True
2502,25,5,2,50,True,True,2,2,True,True,True,True
2504,25,5,2,25,True,True,2,3,True,True,True,True
2508,25,5,2,15650,True,True,2,2,True,True,True,True
2533,25,5,2,34200,True,True,2,2,True,True,True,True
2589,9,3,2,6359904,True,True,3,3,True,True,True,True
2597,25,5,2,1300,True,True,2,2,True,True,True,True
2701,9,3,2,100334829892096368,True,True,6,6,True,True,True,True
2805,9,3,2,1404,True,True,3,3,True,True,True,True
2805,27,3,3,1404,True,True,3,3,True,True,True,True
2892,9,3,2,2178,True,True,2,2,True,True,True,True
2904,9,3,2,9,True,True,2,2,True,True,True,True
2908,9,3,2,19656,True,True,3,3,True,True,True,True
2908,27,3,3,19656,True,True,3,3,True,True,True,True
2910,9,3,2,18,True,True,2,2,True,True,True,True
2912,9,3,2,27,True,True,3,4,True,True,True,True
2912,27,3,3,27,True,True,3,4,True,True,True,True
2913,9,3,2,36,True,True,2,2,True,True,True,True
2914,9,3,2,54,True,True,3,3,True,True,True,True
2914,27,3,3,54,True,True,3,3,True,True,True,True
2917,9,3,2,108,True,True,3,3,True,True,True,True
2917,27,3,3,108,True,True,3,3,True,True,True,True
2918,9,3,2,54,True,True,3,4,True,True,True,True
2918,27,3,3,54,True,True,3,4,True,True,True,True
2919,9,3,2,36,True,True,2,2,True,True,True,True
2920,9,3,2,27,True,True,3,3,True,True,True,True
2920,27,3,3,27,True,True,3,3,True,True,True,True
2922,9,3,2,18,True,True,2,2,True,True,True,True
2924,9,3,2,19710,True,True,3,5,True,True,True,True
2924,27,3,3,19710,True,True,3,5,True,True,True,True
2928,9,3,2,9,True,True,2,2,True,True,True,True
2940,9,3,2,2196,True,True,2,2,True,True,True,True
