D,finite,lastnz_N1,lastnz_N2,cf_a0,period,period_len,period_parity,palindrome,central,pell_norm,reduced_sum
2,True,3,3,1,2,1,odd,True,,-1,q - 1/q**2
3,True,3,3,1,1 2,2,even,True,1,1,q + 1 - 1/q - 1/q**2
5,True,5,5,2,4,1,odd,True,,-1,q**2 + 1 - 1/q - 1/q**3
6,True,5,5,2,2 4,2,even,True,2,1,q**2 + 2 - 2/q - 1/q**3
7,True,5,5,2,1 1 1 4,4,even,True,1,1,q**2 + q - 1/q**2 - 1/q**3
10,True,7,7,3,6,1,odd,True,,-1,q**3 + q + 1 - 1/q - 1/q**2 - 1/q**4
11,True,7,7,3,3 6,2,even,True,3,1,q**3 + q + 2 - 2/q - 1/q**2 - 1/q**4
13,True,7,7,3,1 1 1 1 6,5,odd,True,,-1,q**3 + q**2 + 2 - 2/q - 1/q**3 - 1/q**4
14,True,7,7,3,1 2 1 6,4,even,True,2,1,q**3 + q**2 + q - 1/q**2 - 1/q**3 - 1/q**4
15,True,7,7,3,1 6,2,even,True,1,1,q**3 + q**2 + q + 1 - 1/q - 1/q**2 - 1/q**3 - 1/q**4
17,True,9,9,4,8,1,odd,True,,-1,q**4 + q**2 + q + 1 - 1/q - 1/q**2 - 1/q**3 - 1/q**5
19,False,139,419,4,2 1 3 1 2 8,6,even,True,3,1,
21,True,9,9,4,1 1 2 1 1 8,6,even,True,2,1,q**4 + q**3 + q + 3 - 3/q - 1/q**2 - 1/q**4 - 1/q**5
22,False,139,419,4,1 2 4 2 1 8,6,even,True,4,1,
23,True,9,9,4,1 3 1 8,4,even,True,3,1,q**4 + q**3 + q**2 + q - 1/q**2 - 1/q**3 - 1/q**4 - 1/q**5
26,True,11,11,5,10,1,odd,True,,-1,q**5 + q**3 + q**2 + q + 1 - 1/q - 1/q**2 - 1/q**3 - 1/q**4 - 1/q**6
29,False,139,419,5,2 1 1 2 10,5,odd,True,,-1,
30,True,11,11,5,2 10,2,even,True,2,1,q**5 + 2*q**3 + 2*q - 2/q**2 - 2/q**4 - 1/q**6
31,False,139,419,5,1 1 3 5 3 1 1 10,8,even,True,5,1,
33,True,11,11,5,1 2 1 10,4,even,True,2,1,q**5 + q**4 + q**3 + 2*q + 1 - 1/q - 2/q**2 - 1/q**4 - 1/q**5 - 1/q**6
34,True,11,11,5,1 4 1 10,4,even,True,4,1,q**5 + q**4 + q**3 + q**2 + q - 1/q**2 - 1/q**3 - 1/q**4 - 1/q**5 - 1/q**6
35,True,11,11,5,1 10,2,even,True,1,1,q**5 + q**4 + q**3 + q**2 + q + 1 - 1/q - 1/q**2 - 1/q**3 - 1/q**4 - 1/q**5 - 1/q**6
37,True,13,13,6,12,1,odd,True,,-1,q**6 + q**4 + q**3 + q**2 + q + 1 - 1/q - 1/q**2 - 1/q**3 - 1/q**4 - 1/q**5 - 1/q**7
38,True,13,13,6,6 12,2,even,True,6,1,q**6 + q**4 + q**3 + q**2 + q + 2 - 2/q - 1/q**2 - 1/q**3 - 1/q**4 - 1/q**5 - 1/q**7
39,True,13,13,6,4 12,2,even,True,4,1,q**6 + q**4 + q**3 + 2*q**2 + 1 - 1/q - 2/q**3 - 1/q**4 - 1/q**5 - 1/q**7
41,True,13,13,6,2 2 12,3,odd,True,,-1,q**6 + 2*q**4 + q**2 + 2*q - 2/q**2 - 1/q**3 - 2/q**5 - 1/q**7
42,True,13,13,6,2 12,2,even,True,2,1,q**6 + 2*q**4 + 2*q**2 + 2 - 2/q - 2/q**3 - 2/q**5 - 1/q**7
43,False,139,419,6,1 1 3 1 5 1 3 1 1 12,10,even,True,5,1,
46,False,139,419,6,1 3 1 1 2 6 2 1 1 3 1 12,12,even,True,6,1,
47,True,13,13,6,1 5 1 12,4,even,True,5,1,q**6 + q**5 + q**4 + q**3 + q**2 + q - 1/q**2 - 1/q**3 - 1/q**4 - 1/q**5 - 1/q**6 - 1/q**7
51,True,15,15,7,7 14,2,even,True,7,1,q**7 + q**5 + q**4 + q**3 + q**2 + q + 2 - 2/q - 1/q**2 - 1/q**3 - 1/q**4 - 1/q**5 - 1/q**6 - 1/q**8
53,False,139,419,7,3 1 1 3 14,5,odd,True,,-1,
55,True,15,15,7,2 2 2 14,4,even,True,2,1,q**7 + 2*q**5 + q**3 + 2*q**2 + q - 1 + 1/q - 1/q**2 - 2/q**3 - 1/q**4 - 2/q**6 - 1/q**8
57,True,15,15,7,1 1 4 1 1 14,6,even,True,4,1,q**7 + q**6 + q**4 + 2*q**3 + q**2 + q - 1 + 1/q - 1/q**2 - 1/q**3 - 2/q**4 - 1/q**5 - 1/q**7 - 1/q**8
58,False,139,419,7,1 1 1 1 1 1 14,7,odd,True,,-1,
59,False,139,419,7,1 2 7 2 1 14,6,even,True,7,1,
61,False,139,419,7,1 4 3 1 2 2 1 3 4 1 14,11,odd,True,,-1,
62,True,15,15,7,1 6 1 14,4,even,True,6,1,q**7 + q**6 + q**5 + q**4 + q**3 + q**2 + q - 1/q**2 - 1/q**3 - 1/q**4 - 1/q**5 - 1/q**6 - 1/q**7 - 1/q**8
65,True,17,17,8,16,1,odd,True,,-1,q**8 + q**6 + q**5 + q**4 + q**3 + q**2 + q + 1 - 1/q - 1/q**2 - 1/q**3 - 1/q**4 - 1/q**5 - 1/q**6 - 1/q**7 - 1/q**9
66,True,17,17,8,8 16,2,even,True,8,1,q**8 + q**6 + q**5 + q**4 + q**3 + q**2 + q + 2 - 2/q - 1/q**2 - 1/q**3 - 1/q**4 - 1/q**5 - 1/q**6 - 1/q**7 - 1/q**9
67,False,139,419,8,5 2 1 1 7 1 1 2 5 16,10,even,True,7,1,
69,False,139,419,8,3 3 1 4 1 3 3 16,8,even,True,4,1,
70,True,17,17,8,2 1 2 1 2 16,6,even,True,2,1,q**8 + 2*q**6 - q**5 + 4*q**4 - 2*q**3 + 3*q**2 + q - 1 + 1/q - 1/q**2 - 3/q**3 + 2/q**4 - 4/q**5 + q**(-6) - 2/q**7 - 1/q**9
71,False,139,419,8,2 2 1 7 1 2 2 16,8,even,True,7,1,
73,False,139,419,8,1 1 5 5 1 1 16,7,odd,True,,-1,
74,True,17,17,8,1 1 1 1 16,5,odd,True,,-1,q**8 + q**7 + 2*q**5 + 2*q**3 + q**2 + 2 - 2/q - 1/q**3 - 2/q**4 - 2/q**6 - 1/q**8 - 1/q**9
77,False,139,419,8,1 3 2 3 1 16,6,even,True,2,1,
78,True,17,17,8,1 4 1 16,4,even,True,4,1,q**8 + q**7 + q**6 + q**5 + q**4 + 2*q**2 + q + 1 - 1/q - 1/q**2 - 2/q**3 - 1/q**5 - 1/q**6 - 1/q**7 - 1/q**8 - 1/q**9
79,True,17,17,8,1 7 1 16,4,even,True,7,1,q**8 + q**7 + q**6 + q**5 + q**4 + q**3 + q**2 + q - 1/q**2 - 1/q**3 - 1/q**4 - 1/q**5 - 1/q**6 - 1/q**7 - 1/q**8 - 1/q**9
82,True,19,19,9,18,1,odd,True,,-1,q**9 + q**7 + q**6 + q**5 + q**4 + q**3 + q**2 + q + 1 - 1/q - 1/q**2 - 1/q**3 - 1/q**4 - 1/q**5 - 1/q**6 - 1/q**7 - 1/q**8 - 1/q**10
83,True,19,19,9,9 18,2,even,True,9,1,q**9 + q**7 + q**6 + q**5 + q**4 + q**3 + q**2 + q + 2 - 2/q - 1/q**2 - 1/q**3 - 1/q**4 - 1/q**5 - 1/q**6 - 1/q**7 - 1/q**8 - 1/q**10
85,False,139,419,9,4 1 1 4 18,5,odd,True,,-1,
86,False,139,419,9,3 1 1 1 8 1 1 1 3 18,10,even,True,8,1,
87,True,19,19,9,3 18,2,even,True,3,1,q**9 + q**7 + 2*q**6 + q**4 + 2*q**3 + q + 2 - 2/q - 1/q**2 - 2/q**4 - 1/q**5 - 2/q**7 - 1/q**8 - 1/q**10
89,False,139,419,9,2 3 3 2 18,5,odd,True,,-1,
91,False,139,419,9,1 1 5 1 5 1 1 18,8,even,True,1,1,
93,False,139,419,9,1 1 1 4 6 4 1 1 1 18,10,even,True,6,1,
94,False,139,419,9,1 2 3 1 1 5 1 8 1 5 1 1 3 2 1 18,16,even,True,8,1,
95,True,19,19,9,1 2 1 18,4,even,True,2,1,q**9 + q**8 + q**7 + 2*q**5 + q**4 + q**3 + 2*q + 1 - 1/q - 2/q**2 - 1/q**4 - 1/q**5 - 2/q**6 - 1/q**8 - 1/q**9 - 1/q**10
97,False,139,419,9,1 5 1 1 1 1 1 1 5 1 18,11,odd,True,,-1,
101,True,21,21,10,20,1,odd,True,,-1,q**10 + q**8 + q**7 + q**6 + q**5 + q**4 + q**3 + q**2 + q + 1 - 1/q - 1/q**2 - 1/q**3 - 1/q**4 - 1/q**5 - 1/q**6 - 1/q**7 - 1/q**8 - 1/q**9 - 1/q**11
102,True,21,21,10,10 20,2,even,True,10,1,q**10 + q**8 + q**7 + q**6 + q**5 + q**4 + q**3 + q**2 + q + 2 - 2/q - 1/q**2 - 1/q**3 - 1/q**4 - 1/q**5 - 1/q**6 - 1/q**7 - 1/q**8 - 1/q**9 - 1/q**11
103,False,139,419,10,6 1 2 1 1 9 1 1 2 1 6 20,12,even,True,9,1,
105,True,21,21,10,4 20,2,even,True,4,1,q**10 + q**8 + q**7 + 2*q**6 + q**4 + q**3 + 2*q**2 + 1 - 1/q - 2/q**3 - 1/q**4 - 1/q**5 - 2/q**7 - 1/q**8 - 1/q**9 - 1/q**11
106,False,139,419,10,3 2 1 1 1 1 2 3 20,9,odd,True,,-1,
107,False,139,419,10,2 1 9 1 2 20,6,even,True,9,1,
109,False,139,419,10,2 3 1 2 4 1 6 6 1 4 2 1 3 2 20,15,odd,True,,-1,
110,True,21,21,10,2 20,2,even,True,2,1,q**10 + 2*q**8 + 2*q**6 + 2*q**4 + 2*q**2 + 2 - 2/q - 2/q**3 - 2/q**5 - 2/q**7 - 2/q**9 - 1/q**11
111,True,21,21,10,1 1 6 1 1 20,6,even,True,6,1,q**10 + q**9 + q**7 + 2*q**6 + q**5 + q**3 + 3*q**2 - q + 1 - 1/q + q**(-2) - 3/q**3 - 1/q**4 - 1/q**6 - 2/q**7 - 1/q**8 - 1/q**10 - 1/q**11
113,False,139,419,10,1 1 1 2 2 1 1 1 20,9,odd,True,,-1,
114,False,139,419,10,1 2 10 2 1 20,6,even,True,10,1,
115,False,139,419,10,1 2 1 1 1 1 1 2 1 20,10,even,True,1,1,
118,False,139,419,10,1 6 3 2 10 2 3 6 1 20,10,even,True,10,1,
119,True,21,21,10,1 9 1 20,4,even,True,9,1,q**10 + q**9 + q**8 + q**7 + q**6 + q**5 + q**4 + q**3 + q**2 + q - 1/q**2 - 1/q**3 - 1/q**4 - 1/q**5 - 1/q**6 - 1/q**7 - 1/q**8 - 1/q**9 - 1/q**10 - 1/q**11
122,True,23,23,11,22,1,odd,True,,-1,q**11 + q**9 + q**8 + q**7 + q**6 + q**5 + q**4 + q**3 + q**2 + q + 1 - 1/q - 1/q**2 - 1/q**3 - 1/q**4 - 1/q**5 - 1/q**6 - 1/q**7 - 1/q**8 - 1/q**9 - 1/q**10 - 1/q**12
123,True,23,23,11,11 22,2,even,True,11,1,q**11 + q**9 + q**8 + q**7 + q**6 + q**5 + q**4 + q**3 + q**2 + q + 2 - 2/q - 1/q**2 - 1/q**3 - 1/q**4 - 1/q**5 - 1/q**6 - 1/q**7 - 1/q**8 - 1/q**9 - 1/q**10 - 1/q**12
127,False,139,419,11,3 1 2 2 7 11 7 2 2 1 3 22,12,even,True,11,1,
129,False,139,419,11,2 1 3 1 6 1 3 1 2 22,10,even,True,6,1,
130,True,23,23,11,2 2 22,3,odd,True,,-1,q**11 + 2*q**9 + q**7 + 2*q**6 + 2*q**4 + q**2 + 2*q - 2/q**2 - 1/q**3 - 2/q**5 - 2/q**7 - 1/q**8 - 2/q**10 - 1/q**12
131,False,139,419,11,2 4 11 4 2 22,6,even,True,11,1,
133,False,139,419,11,1 1 7 5 1 1 1 2 1 1 1 5 7 1 1 22,16,even,True,2,1,
134,False,139,419,11,1 1 2 1 3 1 10 1 3 1 2 1 1 22,14,even,True,10,1,
137,False,139,419,11,1 2 2 1 1 2 2 1 22,9,odd,True,,-1,
138,True,23,23,11,1 2 1 22,4,even,True,2,1,q**11 + q**10 + q**9 + 2*q**7 + q**6 + q**5 + 2*q**3 + q**2 + q - 1/q**2 - 1/q**3 - 2/q**4 - 1/q**6 - 1/q**7 - 2/q**8 - 1/q**10 - 1/q**11 - 1/q**12
139,False,139,419,11,1 3 1 3 7 1 1 2 11 2 1 1 7 3 1 3 1 22,18,even,True,11,1,
141,True,23,23,11,1 6 1 22,4,even,True,6,1,q**11 + q**10 + q**9 + q**8 + q**7 + q**6 + q**5 + 2*q**3 + q**2 + q + 1 - 1/q - 1/q**2 - 1/q**3 - 2/q**4 - 1/q**6 - 1/q**7 - 1/q**8 - 1/q**9 - 1/q**10 - 1/q**11 - 1/q**12
142,True,23,23,11,1 10 1 22,4,even,True,10,1,q**11 + q**10 + q**9 + q**8 + q**7 + q**6 + q**5 + q**4 + q**3 + q**2 + q - 1/q**2 - 1/q**3 - 1/q**4 - 1/q**5 - 1/q**6 - 1/q**7 - 1/q**8 - 1/q**9 - 1/q**10 - 1/q**11 - 1/q**12
143,True,23,23,11,1 22,2,even,True,1,1,q**11 + q**10 + q**9 + q**8 + q**7 + q**6 + q**5 + q**4 + q**3 + q**2 + q + 1 - 1/q - 1/q**2 - 1/q**3 - 1/q**4 - 1/q**5 - 1/q**6 - 1/q**7 - 1/q**8 - 1/q**9 - 1/q**10 - 1/q**11 - 1/q**12
145,True,25,25,12,24,1,odd,True,,-1,q**12 + q**10 + q**9 + q**8 + q**7 + q**6 + q**5 + q**4 + q**3 + q**2 + q + 1 - 1/q - 1/q**2 - 1/q**3 - 1/q**4 - 1/q**5 - 1/q**6 - 1/q**7 - 1/q**8 - 1/q**9 - 1/q**10 - 1/q**11 - 1/q**13
146,True,25,25,12,12 24,2,even,True,12,1,q**12 + q**10 + q**9 + q**8 + q**7 + q**6 + q**5 + q**4 + q**3 + q**2 + q + 2 - 2/q - 1/q**2 - 1/q**3 - 1/q**4 - 1/q**5 - 1/q**6 - 1/q**7 - 1/q**8 - 1/q**9 - 1/q**10 - 1/q**11 - 1/q**13
149,False,139,419,12,4 1 5 3 3 5 1 4 24,9,odd,True,,-1,
151,False,139,419,12,3 2 7 1 3 4 1 1 1 11 1 1 1 4 3 1 7 2 3 24,20,even,True,11,1,
154,False,139,419,12,2 2 3 1 2 1 3 2 2 24,10,even,True,2,1,
155,True,25,25,12,2 4 2 24,4,even,True,4,1,q**12 + 2*q**10 + 2*q**8 + q**6 + 2*q**5 + q**4 + q**2 + q + 3 - 3/q - 1/q**2 - 1/q**3 - 1/q**5 - 2/q**6 - 1/q**7 - 2/q**9 - 2/q**11 - 1/q**13
157,False,139,419,12,1 1 7 1 5 2 1 1 1 1 2 5 1 7 1 1 24,17,odd,True,,-1,
158,False,139,419,12,1 1 3 12 3 1 1 24,8,even,True,12,1,
159,False,139,419,12,1 1 1 1 3 1 1 1 1 24,10,even,True,3,1,
161,False,139,419,12,1 2 4 1 2 1 4 2 1 24,10,even,True,2,1,
163,False,139,419,12,1 3 3 2 1 1 7 1 11 1 7 1 1 2 3 3 1 24,18,even,True,11,1,
165,True,25,25,12,1 5 2 5 1 24,6,even,True,2,1,q**12 + q**11 + q**10 + q**9 + q**8 + q**7 + q**5 + 3*q**4 + q**3 - q**2 + q + 3 - 3/q - 1/q**2 + q**(-3) - 1/q**4 - 3/q**5 - 1/q**6 - 1/q**8 - 1/q**9 - 1/q**10 - 1/q**11 - 1/q**12 - 1/q**13
166,False,139,419,12,1 7 1 1 1 2 4 1 3 2 12 2 3 1 4 2 1 1 1 7 1 24,22,even,True,12,1,
167,True,25,25,12,1 11 1 24,4,even,True,11,1,q**12 + q**11 + q**10 + q**9 + q**8 + q**7 + q**6 + q**5 + q**4 + q**3 + q**2 + q - 1/q**2 - 1/q**3 - 1/q**4 - 1/q**5 - 1/q**6 - 1/q**7 - 1/q**8 - 1/q**9 - 1/q**10 - 1/q**11 - 1/q**12 - 1/q**13
170,True,27,27,13,26,1,odd,True,,-1,q**13 + q**11 + q**10 + q**9 + q**8 + q**7 + q**6 + q**5 + q**4 + q**3 + q**2 + q + 1 - 1/q - 1/q**2 - 1/q**3 - 1/q**4 - 1/q**5 - 1/q**6 - 1/q**7 - 1/q**8 - 1/q**9 - 1/q**10 - 1/q**11 - 1/q**12 - 1/q**14
173,False,139,419,13,6 1 1 6 26,5,odd,True,,-1,
174,False,139,419,13,5 4 5 26,4,even,True,4,1,
177,False,139,419,13,3 3 2 8 2 3 3 26,8,even,True,8,1,
178,False,139,419,13,2 1 12 1 2 26,6,even,True,12,1,
179,False,139,419,13,2 1 1 1 3 5 13 5 3 1 1 1 2 26,14,even,True,13,1,
181,False,139,419,13,2 4 1 8 6 1 1 1 1 2 2 1 1 1 1 6 8 1 4 2 26,21,odd,True,,-1,
182,True,27,27,13,2 26,2,even,True,2,1,q**13 + 2*q**11 + 2*q**9 + 2*q**7 + 2*q**5 + 2*q**3 + 2*q - 2/q**2 - 2/q**4 - 2/q**6 - 2/q**8 - 2/q**10 - 2/q**12 - 1/q**14
183,True,27,27,13,1 1 8 1 1 26,6,even,True,8,1,q**13 + q**12 + q**10 + 2*q**9 + q**8 + q**6 + 2*q**5 + q**4 + q**3 - q**2 + 3*q + 1 - 1/q - 3/q**2 + q**(-3) - 1/q**4 - 1/q**5 - 2/q**6 - 1/q**7 - 1/q**9 - 2/q**10 - 1/q**11 - 1/q**13 - 1/q**14
185,True,27,27,13,1 1 1 1 26,5,odd,True,,-1,q**13 + q**12 + 2*q**10 + 2*q**8 + q**7 + 2*q**5 + 2*q**3 + q**2 + 2 - 2/q - 1/q**3 - 2/q**4 - 2/q**6 - 1/q**8 - 2/q**9 - 2/q**11 - 1/q**13 - 1/q**14
186,False,139,419,13,1 1 1 3 4 3 1 1 1 26,10,even,True,4,1,
187,False,139,419,13,1 2 13 2 1 26,6,even,True,13,1,
190,False,139,419,13,1 3 1 1 1 2 2 2 1 1 1 3 1 26,14,even,True,2,1,
191,False,139,419,13,1 4 1 1 3 2 2 13 2 2 3 1 1 4 1 26,16,even,True,13,1,
193,False,139,419,13,1 8 3 2 1 3 3 1 2 3 8 1 26,13,odd,True,,-1,
194,True,27,27,13,1 12 1 26,4,even,True,12,1,q**13 + q**12 + q**11 + q**10 + q**9 + q**8 + q**7 + q**6 + q**5 + q**4 + q**3 + q**2 + q - 1/q**2 - 1/q**3 - 1/q**4 - 1/q**5 - 1/q**6 - 1/q**7 - 1/q**8 - 1/q**9 - 1/q**10 - 1/q**11 - 1/q**12 - 1/q**13 - 1/q**14
195,True,27,27,13,1 26,2,even,True,1,1,q**13 + q**12 + q**11 + q**10 + q**9 + q**8 + q**7 + q**6 + q**5 + q**4 + q**3 + q**2 + q + 1 - 1/q - 1/q**2 - 1/q**3 - 1/q**4 - 1/q**5 - 1/q**6 - 1/q**7 - 1/q**8 - 1/q**9 - 1/q**10 - 1/q**11 - 1/q**12 - 1/q**13 - 1/q**14
197,True,29,29,14,28,1,odd,True,,-1,q**14 + q**12 + q**11 + q**10 + q**9 + q**8 + q**7 + q**6 + q**5 + q**4 + q**3 + q**2 + q + 1 - 1/q - 1/q**2 - 1/q**3 - 1/q**4 - 1/q**5 - 1/q**6 - 1/q**7 - 1/q**8 - 1/q**9 - 1/q**10 - 1/q**11 - 1/q**12 - 1/q**13 - 1/q**15
199,False,139,419,14,9 2 1 2 2 5 4 1 1 13 1 1 4 5 2 2 1 2 9 28,20,even,True,13,1,
