p,s,even_cf,E_alt_cf_sum,gap_numerator,gap_denominator,gap_at_q_half,leading_q1_coeff,right_matches_qreals_oracle,numerator_is_unit_times_qE,is_unit_fraction,unit_formula_matches
2,1,"[1,1]",0,-q**2 + q,1,1/4,-1,True,True,False,
3,1,"[2,1]",1,-q**3 + q**2,1,1/8,-1,True,True,False,
1,2,"[0,2]",-2,-q**2 + q,q**3 + q**2 + q + 1,2/15,-1/4,True,True,True,True
3,2,"[1,2]",-1,-q**3 + q**2,q**3 + q**2 + q + 1,1/15,-1/4,True,True,False,
5,2,"[2,2]",0,-q**4 + q**3,q**3 + q**2 + q + 1,1/30,-1/4,True,True,False,
1,3,"[0,3]",-3,-q**3 + q**2,q**5 + 2*q**4 + 2*q**3 + 2*q**2 + q + 1,4/77,-1/9,True,True,True,True
2,3,"[0,1,1,1]",-1,-q**3 + q**2,q**5 + q**4 + 2*q**3 + 2*q**2 + 2*q + 1,4/91,-1/9,True,True,False,
4,3,"[1,3]",-2,-q**4 + q**3,q**5 + 2*q**4 + 2*q**3 + 2*q**2 + q + 1,2/77,-1/9,True,True,False,
5,3,"[1,1,1,1]",0,-q**4 + q**3,q**5 + q**4 + 2*q**3 + 2*q**2 + 2*q + 1,2/91,-1/9,True,True,False,
7,3,"[2,3]",-1,-q**5 + q**4,q**5 + 2*q**4 + 2*q**3 + 2*q**2 + q + 1,1/77,-1/9,True,True,False,
8,3,"[2,1,1,1]",1,-q**5 + q**4,q**5 + q**4 + 2*q**3 + 2*q**2 + 2*q + 1,1/91,-1/9,True,True,False,
1,4,"[0,4]",-4,-q**4 + q**3,q**7 + 2*q**6 + 3*q**5 + 3*q**4 + 3*q**3 + 2*q**2 + q + 1,8/345,-1/16,True,True,True,True
3,4,"[0,1,2,1]",0,-q**4 + q**3,q**7 + q**6 + 2*q**5 + 3*q**4 + 3*q**3 + 3*q**2 + 2*q + 1,8/435,-1/16,True,True,False,
5,4,"[1,4]",-3,-q**5 + q**4,q**7 + 2*q**6 + 3*q**5 + 3*q**4 + 3*q**3 + 2*q**2 + q + 1,4/345,-1/16,True,True,False,
7,4,"[1,1,2,1]",1,-q**5 + q**4,q**7 + q**6 + 2*q**5 + 3*q**4 + 3*q**3 + 3*q**2 + 2*q + 1,4/435,-1/16,True,True,False,
9,4,"[2,4]",-2,-q**6 + q**5,q**7 + 2*q**6 + 3*q**5 + 3*q**4 + 3*q**3 + 2*q**2 + q + 1,2/345,-1/16,True,True,False,
11,4,"[2,1,2,1]",2,-q**6 + q**5,q**7 + q**6 + 2*q**5 + 3*q**4 + 3*q**3 + 3*q**2 + 2*q + 1,2/435,-1/16,True,True,False,
1,5,"[0,5]",-5,-q**5 + q**4,q**9 + 2*q**8 + 3*q**7 + 4*q**6 + 4*q**5 + 4*q**4 + 3*q**3 + 2*q**2 + q + 1,16/1457,-1/25,True,True,True,True
2,5,"[0,2,1,1]",-2,-q**4 + q**3,q**7 + 3*q**6 + 4*q**5 + 5*q**4 + 5*q**3 + 4*q**2 + 2*q + 1,8/527,-1/25,True,True,False,
3,5,"[0,1,1,2]",-2,-q**4 + q**3,q**7 + 2*q**6 + 4*q**5 + 5*q**4 + 5*q**3 + 4*q**2 + 3*q + 1,8/589,-1/25,True,True,False,
4,5,"[0,1,3,1]",1,-q**5 + q**4,q**9 + q**8 + 2*q**7 + 3*q**6 + 4*q**5 + 4*q**4 + 4*q**3 + 3*q**2 + 2*q + 1,16/1891,-1/25,True,True,False,
6,5,"[1,5]",-4,-q**6 + q**5,q**9 + 2*q**8 + 3*q**7 + 4*q**6 + 4*q**5 + 4*q**4 + 3*q**3 + 2*q**2 + q + 1,8/1457,-1/25,True,True,False,
7,5,"[1,2,1,1]",-1,-q**5 + q**4,q**7 + 3*q**6 + 4*q**5 + 5*q**4 + 5*q**3 + 4*q**2 + 2*q + 1,4/527,-1/25,True,True,False,
8,5,"[1,1,1,2]",-1,-q**5 + q**4,q**7 + 2*q**6 + 4*q**5 + 5*q**4 + 5*q**3 + 4*q**2 + 3*q + 1,4/589,-1/25,True,True,False,
9,5,"[1,1,3,1]",2,-q**6 + q**5,q**9 + q**8 + 2*q**7 + 3*q**6 + 4*q**5 + 4*q**4 + 4*q**3 + 3*q**2 + 2*q + 1,8/1891,-1/25,True,True,False,
11,5,"[2,5]",-3,-q**7 + q**6,q**9 + 2*q**8 + 3*q**7 + 4*q**6 + 4*q**5 + 4*q**4 + 3*q**3 + 2*q**2 + q + 1,4/1457,-1/25,True,True,False,
12,5,"[2,2,1,1]",0,-q**6 + q**5,q**7 + 3*q**6 + 4*q**5 + 5*q**4 + 5*q**3 + 4*q**2 + 2*q + 1,2/527,-1/25,True,True,False,
13,5,"[2,1,1,2]",0,-q**6 + q**5,q**7 + 2*q**6 + 4*q**5 + 5*q**4 + 5*q**3 + 4*q**2 + 3*q + 1,2/589,-1/25,True,True,False,
14,5,"[2,1,3,1]",3,-q**7 + q**6,q**9 + q**8 + 2*q**7 + 3*q**6 + 4*q**5 + 4*q**4 + 4*q**3 + 3*q**2 + 2*q + 1,4/1891,-1/25,True,True,False,
1,6,"[0,6]",-6,-q**6 + q**5,q**11 + 2*q**10 + 3*q**9 + 4*q**8 + 5*q**7 + 5*q**6 + 5*q**5 + 4*q**4 + 3*q**3 + 2*q**2 + q + 1,32/5985,-1/36,True,True,True,True
5,6,"[0,1,4,1]",2,-q**6 + q**5,q**11 + q**10 + 2*q**9 + 3*q**8 + 4*q**7 + 5*q**6 + 5*q**5 + 5*q**4 + 4*q**3 + 3*q**2 + 2*q + 1,32/7875,-1/36,True,True,False,
7,6,"[1,6]",-5,-q**7 + q**6,q**11 + 2*q**10 + 3*q**9 + 4*q**8 + 5*q**7 + 5*q**6 + 5*q**5 + 4*q**4 + 3*q**3 + 2*q**2 + q + 1,16/5985,-1/36,True,True,False,
11,6,"[1,1,4,1]",3,-q**7 + q**6,q**11 + q**10 + 2*q**9 + 3*q**8 + 4*q**7 + 5*q**6 + 5*q**5 + 5*q**4 + 4*q**3 + 3*q**2 + 2*q + 1,16/7875,-1/36,True,True,False,
13,6,"[2,6]",-4,-q**8 + q**7,q**11 + 2*q**10 + 3*q**9 + 4*q**8 + 5*q**7 + 5*q**6 + 5*q**5 + 4*q**4 + 3*q**3 + 2*q**2 + q + 1,8/5985,-1/36,True,True,False,
17,6,"[2,1,4,1]",4,-q**8 + q**7,q**11 + q**10 + 2*q**9 + 3*q**8 + 4*q**7 + 5*q**6 + 5*q**5 + 5*q**4 + 4*q**3 + 3*q**2 + 2*q + 1,8/7875,-1/36,True,True,False,
1,7,"[0,7]",-7,-q**7 + q**6,q**13 + 2*q**12 + 3*q**11 + 4*q**10 + 5*q**9 + 6*q**8 + 6*q**7 + 6*q**6 + 5*q**5 + 4*q**4 + 3*q**3 + 2*q**2 + q + 1,64/24257,-1/49,True,True,True,True
2,7,"[0,3,1,1]",-3,-q**5 + q**4,q**9 + 3*q**8 + 6*q**7 + 8*q**6 + 9*q**5 + 8*q**4 + 7*q**3 + 4*q**2 + 2*q + 1,16/2479,-1/49,True,True,False,
3,7,"[0,2,2,1]",-1,-q**5 + q**4,q**9 + 3*q**8 + 5*q**7 + 7*q**6 + 9*q**5 + 9*q**4 + 7*q**3 + 5*q**2 + 2*q + 1,16/2627,-1/49,True,True,False,
4,7,"[0,1,1,3]",-3,-q**5 + q**4,q**9 + 2*q**8 + 5*q**7 + 7*q**6 + 9*q**5 + 9*q**4 + 7*q**3 + 5*q**2 + 3*q + 1,16/2881,-1/49,True,True,False,
5,7,"[0,1,2,2]",-1,-q**5 + q**4,q**9 + 2*q**8 + 4*q**7 + 7*q**6 + 8*q**5 + 9*q**4 + 8*q**3 + 6*q**2 + 3*q + 1,16/3053,-1/49,True,True,False,
6,7,"[0,1,5,1]",3,-q**7 + q**6,q**13 + q**12 + 2*q**11 + 3*q**10 + 4*q**9 + 5*q**8 + 6*q**7 + 6*q**6 + 6*q**5 + 5*q**4 + 4*q**3 + 3*q**2 + 2*q + 1,64/32131,-1/49,True,True,False,
8,7,"[1,7]",-6,-q**8 + q**7,q**13 + 2*q**12 + 3*q**11 + 4*q**10 + 5*q**9 + 6*q**8 + 6*q**7 + 6*q**6 + 5*q**5 + 4*q**4 + 3*q**3 + 2*q**2 + q + 1,32/24257,-1/49,True,True,False,
9,7,"[1,3,1,1]",-2,-q**6 + q**5,q**9 + 3*q**8 + 6*q**7 + 8*q**6 + 9*q**5 + 8*q**4 + 7*q**3 + 4*q**2 + 2*q + 1,8/2479,-1/49,True,True,False,
10,7,"[1,2,2,1]",0,-q**6 + q**5,q**9 + 3*q**8 + 5*q**7 + 7*q**6 + 9*q**5 + 9*q**4 + 7*q**3 + 5*q**2 + 2*q + 1,8/2627,-1/49,True,True,False,
11,7,"[1,1,1,3]",-2,-q**6 + q**5,q**9 + 2*q**8 + 5*q**7 + 7*q**6 + 9*q**5 + 9*q**4 + 7*q**3 + 5*q**2 + 3*q + 1,8/2881,-1/49,True,True,False,
12,7,"[1,1,2,2]",0,-q**6 + q**5,q**9 + 2*q**8 + 4*q**7 + 7*q**6 + 8*q**5 + 9*q**4 + 8*q**3 + 6*q**2 + 3*q + 1,8/3053,-1/49,True,True,False,
13,7,"[1,1,5,1]",4,-q**8 + q**7,q**13 + q**12 + 2*q**11 + 3*q**10 + 4*q**9 + 5*q**8 + 6*q**7 + 6*q**6 + 6*q**5 + 5*q**4 + 4*q**3 + 3*q**2 + 2*q + 1,32/32131,-1/49,True,True,False,
15,7,"[2,7]",-5,-q**9 + q**8,q**13 + 2*q**12 + 3*q**11 + 4*q**10 + 5*q**9 + 6*q**8 + 6*q**7 + 6*q**6 + 5*q**5 + 4*q**4 + 3*q**3 + 2*q**2 + q + 1,16/24257,-1/49,True,True,False,
16,7,"[2,3,1,1]",-1,-q**7 + q**6,q**9 + 3*q**8 + 6*q**7 + 8*q**6 + 9*q**5 + 8*q**4 + 7*q**3 + 4*q**2 + 2*q + 1,4/2479,-1/49,True,True,False,
17,7,"[2,2,2,1]",1,-q**7 + q**6,q**9 + 3*q**8 + 5*q**7 + 7*q**6 + 9*q**5 + 9*q**4 + 7*q**3 + 5*q**2 + 2*q + 1,4/2627,-1/49,True,True,False,
18,7,"[2,1,1,3]",-1,-q**7 + q**6,q**9 + 2*q**8 + 5*q**7 + 7*q**6 + 9*q**5 + 9*q**4 + 7*q**3 + 5*q**2 + 3*q + 1,4/2881,-1/49,True,True,False,
19,7,"[2,1,2,2]",1,-q**7 + q**6,q**9 + 2*q**8 + 4*q**7 + 7*q**6 + 8*q**5 + 9*q**4 + 8*q**3 + 6*q**2 + 3*q + 1,4/3053,-1/49,True,True,False,
20,7,"[2,1,5,1]",5,-q**9 + q**8,q**13 + q**12 + 2*q**11 + 3*q**10 + 4*q**9 + 5*q**8 + 6*q**7 + 6*q**6 + 6*q**5 + 5*q**4 + 4*q**3 + 3*q**2 + 2*q + 1,16/32131,-1/49,True,True,False,
1,8,"[0,8]",-8,-q**8 + q**7,q**15 + 2*q**14 + 3*q**13 + 4*q**12 + 5*q**11 + 6*q**10 + 7*q**9 + 7*q**8 + 7*q**7 + 6*q**6 + 5*q**5 + 4*q**4 + 3*q**3 + 2*q**2 + q + 1,128/97665,-1/64,True,True,True,True
3,8,"[0,2,1,2]",-3,-q**5 + q**4,q**9 + 4*q**8 + 7*q**7 + 10*q**6 + 12*q**5 + 11*q**4 + 9*q**3 + 6*q**2 + 3*q + 1,16/3285,-1/64,True,True,False,
5,8,"[0,1,1,1,1,1]",-1,-q**5 + q**4,q**9 + 3*q**8 + 6*q**7 + 9*q**6 + 11*q**5 + 12*q**4 + 10*q**3 + 7*q**2 + 4*q + 1,16/3735,-1/64,True,True,False,
7,8,"[0,1,6,1]",4,-q**8 + q**7,q**15 + q**14 + 2*q**13 + 3*q**12 + 4*q**11 + 5*q**10 + 6*q**9 + 7*q**8 + 7*q**7 + 7*q**6 + 6*q**5 + 5*q**4 + 4*q**3 + 3*q**2 + 2*q + 1,128/129795,-1/64,True,True,False,
9,8,"[1,8]",-7,-q**9 + q**8,q**15 + 2*q**14 + 3*q**13 + 4*q**12 + 5*q**11 + 6*q**10 + 7*q**9 + 7*q**8 + 7*q**7 + 6*q**6 + 5*q**5 + 4*q**4 + 3*q**3 + 2*q**2 + q + 1,64/97665,-1/64,True,True,False,
11,8,"[1,2,1,2]",-2,-q**6 + q**5,q**9 + 4*q**8 + 7*q**7 + 10*q**6 + 12*q**5 + 11*q**4 + 9*q**3 + 6*q**2 + 3*q + 1,8/3285,-1/64,True,True,False,
13,8,"[1,1,1,1,1,1]",0,-q**6 + q**5,q**9 + 3*q**8 + 6*q**7 + 9*q**6 + 11*q**5 + 12*q**4 + 10*q**3 + 7*q**2 + 4*q + 1,8/3735,-1/64,True,True,False,
15,8,"[1,1,6,1]",5,-q**9 + q**8,q**15 + q**14 + 2*q**13 + 3*q**12 + 4*q**11 + 5*q**10 + 6*q**9 + 7*q**8 + 7*q**7 + 7*q**6 + 6*q**5 + 5*q**4 + 4*q**3 + 3*q**2 + 2*q + 1,64/129795,-1/64,True,True,False,
17,8,"[2,8]",-6,-q**10 + q**9,q**15 + 2*q**14 + 3*q**13 + 4*q**12 + 5*q**11 + 6*q**10 + 7*q**9 + 7*q**8 + 7*q**7 + 6*q**6 + 5*q**5 + 4*q**4 + 3*q**3 + 2*q**2 + q + 1,32/97665,-1/64,True,True,False,
19,8,"[2,2,1,2]",-1,-q**7 + q**6,q**9 + 4*q**8 + 7*q**7 + 10*q**6 + 12*q**5 + 11*q**4 + 9*q**3 + 6*q**2 + 3*q + 1,4/3285,-1/64,True,True,False,
21,8,"[2,1,1,1,1,1]",1,-q**7 + q**6,q**9 + 3*q**8 + 6*q**7 + 9*q**6 + 11*q**5 + 12*q**4 + 10*q**3 + 7*q**2 + 4*q + 1,4/3735,-1/64,True,True,False,
23,8,"[2,1,6,1]",6,-q**10 + q**9,q**15 + q**14 + 2*q**13 + 3*q**12 + 4*q**11 + 5*q**10 + 6*q**9 + 7*q**8 + 7*q**7 + 7*q**6 + 6*q**5 + 5*q**4 + 4*q**3 + 3*q**2 + 2*q + 1,32/129795,-1/64,True,True,False,
1,9,"[0,9]",-9,-q**9 + q**8,q**17 + 2*q**16 + 3*q**15 + 4*q**14 + 5*q**13 + 6*q**12 + 7*q**11 + 8*q**10 + 8*q**9 + 8*q**8 + 7*q**7 + 6*q**6 + 5*q**5 + 4*q**4 + 3*q**3 + 2*q**2 + q + 1,256/391937,-1/81,True,True,True,True
2,9,"[0,4,1,1]",-4,-q**6 + q**5,q**11 + 3*q**10 + 6*q**9 + 10*q**8 + 12*q**7 + 13*q**6 + 12*q**5 + 10*q**4 + 7*q**3 + 4*q**2 + 2*q + 1,32/10703,-1/81,True,True,False,
4,9,"[0,2,3,1]",0,-q**6 + q**5,q**11 + 3*q**10 + 5*q**9 + 8*q**8 + 11*q**7 + 13*q**6 + 13*q**5 + 11*q**4 + 8*q**3 + 5*q**2 + 2*q + 1,32/11627,-1/81,True,True,False,
5,9,"[0,1,1,4]",-4,-q**6 + q**5,q**11 + 2*q**10 + 5*q**9 + 8*q**8 + 11*q**7 + 13*q**6 + 13*q**5 + 11*q**4 + 8*q**3 + 5*q**2 + 3*q + 1,32/12649,-1/81,True,True,False,
7,9,"[0,1,3,2]",0,-q**6 + q**5,q**11 + 2*q**10 + 4*q**9 + 7*q**8 + 10*q**7 + 12*q**6 + 13*q**5 + 12*q**4 + 10*q**3 + 6*q**2 + 3*q + 1,32/13741,-1/81,True,True,False,
8,9,"[0,1,7,1]",5,-q**9 + q**8,q**17 + q**16 + 2*q**15 + 3*q**14 + 4*q**13 + 5*q**12 + 6*q**11 + 7*q**10 + 8*q**9 + 8*q**8 + 8*q**7 + 7*q**6 + 6*q**5 + 5*q**4 + 4*q**3 + 3*q**2 + 2*q + 1,256/521731,-1/81,True,True,False,
10,9,"[1,9]",-8,-q**10 + q**9,q**17 + 2*q**16 + 3*q**15 + 4*q**14 + 5*q**13 + 6*q**12 + 7*q**11 + 8*q**10 + 8*q**9 + 8*q**8 + 7*q**7 + 6*q**6 + 5*q**5 + 4*q**4 + 3*q**3 + 2*q**2 + q + 1,128/391937,-1/81,True,True,False,
11,9,"[1,4,1,1]",-3,-q**7 + q**6,q**11 + 3*q**10 + 6*q**9 + 10*q**8 + 12*q**7 + 13*q**6 + 12*q**5 + 10*q**4 + 7*q**3 + 4*q**2 + 2*q + 1,16/10703,-1/81,True,True,False,
13,9,"[1,2,3,1]",1,-q**7 + q**6,q**11 + 3*q**10 + 5*q**9 + 8*q**8 + 11*q**7 + 13*q**6 + 13*q**5 + 11*q**4 + 8*q**3 + 5*q**2 + 2*q + 1,16/11627,-1/81,True,True,False,
14,9,"[1,1,1,4]",-3,-q**7 + q**6,q**11 + 2*q**10 + 5*q**9 + 8*q**8 + 11*q**7 + 13*q**6 + 13*q**5 + 11*q**4 + 8*q**3 + 5*q**2 + 3*q + 1,16/12649,-1/81,True,True,False,
16,9,"[1,1,3,2]",1,-q**7 + q**6,q**11 + 2*q**10 + 4*q**9 + 7*q**8 + 10*q**7 + 12*q**6 + 13*q**5 + 12*q**4 + 10*q**3 + 6*q**2 + 3*q + 1,16/13741,-1/81,True,True,False,
17,9,"[1,1,7,1]",6,-q**10 + q**9,q**17 + q**16 + 2*q**15 + 3*q**14 + 4*q**13 + 5*q**12 + 6*q**11 + 7*q**10 + 8*q**9 + 8*q**8 + 8*q**7 + 7*q**6 + 6*q**5 + 5*q**4 + 4*q**3 + 3*q**2 + 2*q + 1,128/521731,-1/81,True,True,False,
19,9,"[2,9]",-7,-q**11 + q**10,q**17 + 2*q**16 + 3*q**15 + 4*q**14 + 5*q**13 + 6*q**12 + 7*q**11 + 8*q**10 + 8*q**9 + 8*q**8 + 7*q**7 + 6*q**6 + 5*q**5 + 4*q**4 + 3*q**3 + 2*q**2 + q + 1,64/391937,-1/81,True,True,False,
20,9,"[2,4,1,1]",-2,-q**8 + q**7,q**11 + 3*q**10 + 6*q**9 + 10*q**8 + 12*q**7 + 13*q**6 + 12*q**5 + 10*q**4 + 7*q**3 + 4*q**2 + 2*q + 1,8/10703,-1/81,True,True,False,
22,9,"[2,2,3,1]",2,-q**8 + q**7,q**11 + 3*q**10 + 5*q**9 + 8*q**8 + 11*q**7 + 13*q**6 + 13*q**5 + 11*q**4 + 8*q**3 + 5*q**2 + 2*q + 1,8/11627,-1/81,True,True,False,
23,9,"[2,1,1,4]",-2,-q**8 + q**7,q**11 + 2*q**10 + 5*q**9 + 8*q**8 + 11*q**7 + 13*q**6 + 13*q**5 + 11*q**4 + 8*q**3 + 5*q**2 + 3*q + 1,8/12649,-1/81,True,True,False,
25,9,"[2,1,3,2]",2,-q**8 + q**7,q**11 + 2*q**10 + 4*q**9 + 7*q**8 + 10*q**7 + 12*q**6 + 13*q**5 + 12*q**4 + 10*q**3 + 6*q**2 + 3*q + 1,8/13741,-1/81,True,True,False,
26,9,"[2,1,7,1]",7,-q**11 + q**10,q**17 + q**16 + 2*q**15 + 3*q**14 + 4*q**13 + 5*q**12 + 6*q**11 + 7*q**10 + 8*q**9 + 8*q**8 + 8*q**7 + 7*q**6 + 6*q**5 + 5*q**4 + 4*q**3 + 3*q**2 + 2*q + 1,64/521731,-1/81,True,True,False,
1,10,"[0,10]",-10,-q**10 + q**9,q**19 + 2*q**18 + 3*q**17 + 4*q**16 + 5*q**15 + 6*q**14 + 7*q**13 + 8*q**12 + 9*q**11 + 9*q**10 + 9*q**9 + 8*q**8 + 7*q**7 + 6*q**6 + 5*q**5 + 4*q**4 + 3*q**3 + 2*q**2 + q + 1,512/1570305,-1/100,True,True,True,True
3,10,"[0,3,2,1]",-2,-q**6 + q**5,q**11 + 3*q**10 + 7*q**9 + 11*q**8 + 15*q**7 + 17*q**6 + 16*q**5 + 13*q**4 + 9*q**3 + 5*q**2 + 2*q + 1,32/12555,-1/100,True,True,False,
7,10,"[0,1,2,3]",-2,-q**6 + q**5,q**11 + 2*q**10 + 5*q**9 + 9*q**8 + 13*q**7 + 16*q**6 + 17*q**5 + 15*q**4 + 11*q**3 + 7*q**2 + 3*q + 1,32/15345,-1/100,True,True,False,
9,10,"[0,1,8,1]",6,-q**10 + q**9,q**19 + q**18 + 2*q**17 + 3*q**16 + 4*q**15 + 5*q**14 + 6*q**13 + 7*q**12 + 8*q**11 + 9*q**10 + 9*q**9 + 9*q**8 + 8*q**7 + 7*q**6 + 6*q**5 + 5*q**4 + 4*q**3 + 3*q**2 + 2*q + 1,512/2092035,-1/100,True,True,False,
11,10,"[1,10]",-9,-q**11 + q**10,q**19 + 2*q**18 + 3*q**17 + 4*q**16 + 5*q**15 + 6*q**14 + 7*q**13 + 8*q**12 + 9*q**11 + 9*q**10 + 9*q**9 + 8*q**8 + 7*q**7 + 6*q**6 + 5*q**5 + 4*q**4 + 3*q**3 + 2*q**2 + q + 1,256/1570305,-1/100,True,True,False,
13,10,"[1,3,2,1]",-1,-q**7 + q**6,q**11 + 3*q**10 + 7*q**9 + 11*q**8 + 15*q**7 + 17*q**6 + 16*q**5 + 13*q**4 + 9*q**3 + 5*q**2 + 2*q + 1,16/12555,-1/100,True,True,False,
17,10,"[1,1,2,3]",-1,-q**7 + q**6,q**11 + 2*q**10 + 5*q**9 + 9*q**8 + 13*q**7 + 16*q**6 + 17*q**5 + 15*q**4 + 11*q**3 + 7*q**2 + 3*q + 1,16/15345,-1/100,True,True,False,
19,10,"[1,1,8,1]",7,-q**11 + q**10,q**19 + q**18 + 2*q**17 + 3*q**16 + 4*q**15 + 5*q**14 + 6*q**13 + 7*q**12 + 8*q**11 + 9*q**10 + 9*q**9 + 9*q**8 + 8*q**7 + 7*q**6 + 6*q**5 + 5*q**4 + 4*q**3 + 3*q**2 + 2*q + 1,256/2092035,-1/100,True,True,False,
21,10,"[2,10]",-8,-q**12 + q**11,q**19 + 2*q**18 + 3*q**17 + 4*q**16 + 5*q**15 + 6*q**14 + 7*q**13 + 8*q**12 + 9*q**11 + 9*q**10 + 9*q**9 + 8*q**8 + 7*q**7 + 6*q**6 + 5*q**5 + 4*q**4 + 3*q**3 + 2*q**2 + q + 1,128/1570305,-1/100,True,True,False,
23,10,"[2,3,2,1]",0,-q**8 + q**7,q**11 + 3*q**10 + 7*q**9 + 11*q**8 + 15*q**7 + 17*q**6 + 16*q**5 + 13*q**4 + 9*q**3 + 5*q**2 + 2*q + 1,8/12555,-1/100,True,True,False,
27,10,"[2,1,2,3]",0,-q**8 + q**7,q**11 + 2*q**10 + 5*q**9 + 9*q**8 + 13*q**7 + 16*q**6 + 17*q**5 + 15*q**4 + 11*q**3 + 7*q**2 + 3*q + 1,8/15345,-1/100,True,True,False,
29,10,"[2,1,8,1]",8,-q**12 + q**11,q**19 + q**18 + 2*q**17 + 3*q**16 + 4*q**15 + 5*q**14 + 6*q**13 + 7*q**12 + 8*q**11 + 9*q**10 + 9*q**9 + 9*q**8 + 8*q**7 + 7*q**6 + 6*q**5 + 5*q**4 + 4*q**3 + 3*q**2 + 2*q + 1,128/2092035,-1/100,True,True,False,
1,11,"[0,11]",-11,-q**11 + q**10,q**21 + 2*q**20 + 3*q**19 + 4*q**18 + 5*q**17 + 6*q**16 + 7*q**15 + 8*q**14 + 9*q**13 + 10*q**12 + 10*q**11 + 10*q**10 + 9*q**9 + 8*q**8 + 7*q**7 + 6*q**6 + 5*q**5 + 4*q**4 + 3*q**3 + 2*q**2 + q + 1,1024/6286337,-1/121,True,True,True,True
2,11,"[0,5,1,1]",-5,-q**7 + q**6,q**13 + 3*q**12 + 6*q**11 + 10*q**10 + 14*q**9 + 16*q**8 + 17*q**7 + 16*q**6 + 14*q**5 + 10*q**4 + 7*q**3 + 4*q**2 + 2*q + 1,64/44431,-1/121,True,True,False,
3,11,"[0,3,1,2]",-4,-q**6 + q**5,q**11 + 4*q**10 + 9*q**9 + 14*q**8 + 18*q**7 + 20*q**6 + 19*q**5 + 15*q**4 + 11*q**3 + 6*q**2 + 3*q + 1,32/15229,-1/121,True,True,False,
4,11,"[0,2,1,3]",-4,-q**6 + q**5,q**11 + 4*q**10 + 8*q**9 + 13*q**8 + 18*q**7 + 20*q**6 + 19*q**5 + 16*q**4 + 11*q**3 + 7*q**2 + 3*q + 1,32/15857,-1/121,True,True,False,
5,11,"[0,2,4,1]",1,-q**7 + q**6,q**13 + 3*q**12 + 5*q**11 + 8*q**10 + 12*q**9 + 15*q**8 + 17*q**7 + 17*q**6 + 15*q**5 + 12*q**4 + 8*q**3 + 5*q**2 + 2*q + 1,64/48827,-1/121,True,True,False,
6,11,"[0,1,1,5]",-5,-q**7 + q**6,q**13 + 2*q**12 + 5*q**11 + 8*q**10 + 12*q**9 + 15*q**8 + 17*q**7 + 17*q**6 + 15*q**5 + 12*q**4 + 8*q**3 + 5*q**2 + 3*q + 1,64/52921,-1/121,True,True,False,
7,11,"[0,1,1,1,2,1]",0,-q**6 + q**5,q**11 + 3*q**10 + 7*q**9 + 11*q**8 + 16*q**7 + 19*q**6 + 20*q**5 + 18*q**4 + 13*q**3 + 8*q**2 + 4*q + 1,32/18139,-1/121,True,True,False,
8,11,"[0,1,2,1,1,1]",0,-q**6 + q**5,q**11 + 3*q**10 + 6*q**9 + 11*q**8 + 15*q**7 + 19*q**6 + 20*q**5 + 18*q**4 + 14*q**3 + 9*q**2 + 4*q + 1,32/18887,-1/121,True,True,False,
9,11,"[0,1,4,2]",1,-q**7 + q**6,q**13 + 2*q**12 + 4*q**11 + 7*q**10 + 10*q**9 + 14*q**8 + 16*q**7 + 17*q**6 + 16*q**5 + 14*q**4 + 10*q**3 + 6*q**2 + 3*q + 1,64/58157,-1/121,True,True,False,
10,11,"[0,1,9,1]",7,-q**11 + q**10,q**21 + q**20 + 2*q**19 + 3*q**18 + 4*q**17 + 5*q**16 + 6*q**15 + 7*q**14 + 8*q**13 + 9*q**12 + 10*q**11 + 10*q**10 + 10*q**9 + 9*q**8 + 8*q**7 + 7*q**6 + 6*q**5 + 5*q**4 + 4*q**3 + 3*q**2 + 2*q + 1,1024/8378371,-1/121,True,True,False,
12,11,"[1,11]",-10,-q**12 + q**11,q**21 + 2*q**20 + 3*q**19 + 4*q**18 + 5*q**17 + 6*q**16 + 7*q**15 + 8*q**14 + 9*q**13 + 10*q**12 + 10*q**11 + 10*q**10 + 9*q**9 + 8*q**8 + 7*q**7 + 6*q**6 + 5*q**5 + 4*q**4 + 3*q**3 + 2*q**2 + q + 1,512/6286337,-1/121,True,True,False,
13,11,"[1,5,1,1]",-4,-q**8 + q**7,q**13 + 3*q**12 + 6*q**11 + 10*q**10 + 14*q**9 + 16*q**8 + 17*q**7 + 16*q**6 + 14*q**5 + 10*q**4 + 7*q**3 + 4*q**2 + 2*q + 1,32/44431,-1/121,True,True,False,
14,11,"[1,3,1,2]",-3,-q**7 + q**6,q**11 + 4*q**10 + 9*q**9 + 14*q**8 + 18*q**7 + 20*q**6 + 19*q**5 + 15*q**4 + 11*q**3 + 6*q**2 + 3*q + 1,16/15229,-1/121,True,True,False,
15,11,"[1,2,1,3]",-3,-q**7 + q**6,q**11 + 4*q**10 + 8*q**9 + 13*q**8 + 18*q**7 + 20*q**6 + 19*q**5 + 16*q**4 + 11*q**3 + 7*q**2 + 3*q + 1,16/15857,-1/121,True,True,False,
16,11,"[1,2,4,1]",2,-q**8 + q**7,q**13 + 3*q**12 + 5*q**11 + 8*q**10 + 12*q**9 + 15*q**8 + 17*q**7 + 17*q**6 + 15*q**5 + 12*q**4 + 8*q**3 + 5*q**2 + 2*q + 1,32/48827,-1/121,True,True,False,
17,11,"[1,1,1,5]",-4,-q**8 + q**7,q**13 + 2*q**12 + 5*q**11 + 8*q**10 + 12*q**9 + 15*q**8 + 17*q**7 + 17*q**6 + 15*q**5 + 12*q**4 + 8*q**3 + 5*q**2 + 3*q + 1,32/52921,-1/121,True,True,False,
18,11,"[1,1,1,1,2,1]",1,-q**7 + q**6,q**11 + 3*q**10 + 7*q**9 + 11*q**8 + 16*q**7 + 19*q**6 + 20*q**5 + 18*q**4 + 13*q**3 + 8*q**2 + 4*q + 1,16/18139,-1/121,True,True,False,
19,11,"[1,1,2,1,1,1]",1,-q**7 + q**6,q**11 + 3*q**10 + 6*q**9 + 11*q**8 + 15*q**7 + 19*q**6 + 20*q**5 + 18*q**4 + 14*q**3 + 9*q**2 + 4*q + 1,16/18887,-1/121,True,True,False,
20,11,"[1,1,4,2]",2,-q**8 + q**7,q**13 + 2*q**12 + 4*q**11 + 7*q**10 + 10*q**9 + 14*q**8 + 16*q**7 + 17*q**6 + 16*q**5 + 14*q**4 + 10*q**3 + 6*q**2 + 3*q + 1,32/58157,-1/121,True,True,False,
21,11,"[1,1,9,1]",8,-q**12 + q**11,q**21 + q**20 + 2*q**19 + 3*q**18 + 4*q**17 + 5*q**16 + 6*q**15 + 7*q**14 + 8*q**13 + 9*q**12 + 10*q**11 + 10*q**10 + 10*q**9 + 9*q**8 + 8*q**7 + 7*q**6 + 6*q**5 + 5*q**4 + 4*q**3 + 3*q**2 + 2*q + 1,512/8378371,-1/121,True,True,False,
23,11,"[2,11]",-9,-q**13 + q**12,q**21 + 2*q**20 + 3*q**19 + 4*q**18 + 5*q**17 + 6*q**16 + 7*q**15 + 8*q**14 + 9*q**13 + 10*q**12 + 10*q**11 + 10*q**10 + 9*q**9 + 8*q**8 + 7*q**7 + 6*q**6 + 5*q**5 + 4*q**4 + 3*q**3 + 2*q**2 + q + 1,256/6286337,-1/121,True,True,False,
24,11,"[2,5,1,1]",-3,-q**9 + q**8,q**13 + 3*q**12 + 6*q**11 + 10*q**10 + 14*q**9 + 16*q**8 + 17*q**7 + 16*q**6 + 14*q**5 + 10*q**4 + 7*q**3 + 4*q**2 + 2*q + 1,16/44431,-1/121,True,True,False,
25,11,"[2,3,1,2]",-2,-q**8 + q**7,q**11 + 4*q**10 + 9*q**9 + 14*q**8 + 18*q**7 + 20*q**6 + 19*q**5 + 15*q**4 + 11*q**3 + 6*q**2 + 3*q + 1,8/15229,-1/121,True,True,False,
26,11,"[2,2,1,3]",-2,-q**8 + q**7,q**11 + 4*q**10 + 8*q**9 + 13*q**8 + 18*q**7 + 20*q**6 + 19*q**5 + 16*q**4 + 11*q**3 + 7*q**2 + 3*q + 1,8/15857,-1/121,True,True,False,
27,11,"[2,2,4,1]",3,-q**9 + q**8,q**13 + 3*q**12 + 5*q**11 + 8*q**10 + 12*q**9 + 15*q**8 + 17*q**7 + 17*q**6 + 15*q**5 + 12*q**4 + 8*q**3 + 5*q**2 + 2*q + 1,16/48827,-1/121,True,True,False,
28,11,"[2,1,1,5]",-3,-q**9 + q**8,q**13 + 2*q**12 + 5*q**11 + 8*q**10 + 12*q**9 + 15*q**8 + 17*q**7 + 17*q**6 + 15*q**5 + 12*q**4 + 8*q**3 + 5*q**2 + 3*q + 1,16/52921,-1/121,True,True,False,
29,11,"[2,1,1,1,2,1]",2,-q**8 + q**7,q**11 + 3*q**10 + 7*q**9 + 11*q**8 + 16*q**7 + 19*q**6 + 20*q**5 + 18*q**4 + 13*q**3 + 8*q**2 + 4*q + 1,8/18139,-1/121,True,True,False,
30,11,"[2,1,2,1,1,1]",2,-q**8 + q**7,q**11 + 3*q**10 + 6*q**9 + 11*q**8 + 15*q**7 + 19*q**6 + 20*q**5 + 18*q**4 + 14*q**3 + 9*q**2 + 4*q + 1,8/18887,-1/121,True,True,False,
31,11,"[2,1,4,2]",3,-q**9 + q**8,q**13 + 2*q**12 + 4*q**11 + 7*q**10 + 10*q**9 + 14*q**8 + 16*q**7 + 17*q**6 + 16*q**5 + 14*q**4 + 10*q**3 + 6*q**2 + 3*q + 1,16/58157,-1/121,True,True,False,
32,11,"[2,1,9,1]",9,-q**13 + q**12,q**21 + q**20 + 2*q**19 + 3*q**18 + 4*q**17 + 5*q**16 + 6*q**15 + 7*q**14 + 8*q**13 + 9*q**12 + 10*q**11 + 10*q**10 + 10*q**9 + 9*q**8 + 8*q**7 + 7*q**6 + 6*q**5 + 5*q**4 + 4*q**3 + 3*q**2 + 2*q + 1,256/8378371,-1/121,True,True,False,
1,12,"[0,12]",-12,-q**12 + q**11,q**23 + 2*q**22 + 3*q**21 + 4*q**20 + 5*q**19 + 6*q**18 + 7*q**17 + 8*q**16 + 9*q**15 + 10*q**14 + 11*q**13 + 11*q**12 + 11*q**11 + 10*q**10 + 9*q**9 + 8*q**8 + 7*q**7 + 6*q**6 + 5*q**5 + 4*q**4 + 3*q**3 + 2*q**2 + q + 1,2048/25155585,-1/144,True,True,True,True
5,12,"[0,2,2,2]",-2,-q**6 + q**5,q**11 + 4*q**10 + 9*q**9 + 15*q**8 + 21*q**7 + 24*q**6 + 24*q**5 + 20*q**4 + 14*q**3 + 8*q**2 + 3*q + 1,32/18165,-1/144,True,True,False,
7,12,"[0,1,1,2,1,1]",-2,-q**6 + q**5,q**11 + 3*q**10 + 8*q**9 + 14*q**8 + 20*q**7 + 24*q**6 + 24*q**5 + 21*q**4 + 15*q**3 + 9*q**2 + 4*q + 1,32/20055,-1/144,True,True,False,
11,12,"[0,1,10,1]",8,-q**12 + q**11,q**23 + q**22 + 2*q**21 + 3*q**20 + 4*q**19 + 5*q**18 + 6*q**17 + 7*q**16 + 8*q**15 + 9*q**14 + 10*q**13 + 11*q**12 + 11*q**11 + 11*q**10 + 10*q**9 + 9*q**8 + 8*q**7 + 7*q**6 + 6*q**5 + 5*q**4 + 4*q**3 + 3*q**2 + 2*q + 1,2048/33533955,-1/144,True,True,False,
13,12,"[1,12]",-11,-q**13 + q**12,q**23 + 2*q**22 + 3*q**21 + 4*q**20 + 5*q**19 + 6*q**18 + 7*q**17 + 8*q**16 + 9*q**15 + 10*q**14 + 11*q**13 + 11*q**12 + 11*q**11 + 10*q**10 + 9*q**9 + 8*q**8 + 7*q**7 + 6*q**6 + 5*q**5 + 4*q**4 + 3*q**3 + 2*q**2 + q + 1,1024/25155585,-1/144,True,True,False,
17,12,"[1,2,2,2]",-1,-q**7 + q**6,q**11 + 4*q**10 + 9*q**9 + 15*q**8 + 21*q**7 + 24*q**6 + 24*q**5 + 20*q**4 + 14*q**3 + 8*q**2 + 3*q + 1,16/18165,-1/144,True,True,False,
19,12,"[1,1,1,2,1,1]",-1,-q**7 + q**6,q**11 + 3*q**10 + 8*q**9 + 14*q**8 + 20*q**7 + 24*q**6 + 24*q**5 + 21*q**4 + 15*q**3 + 9*q**2 + 4*q + 1,16/20055,-1/144,True,True,False,
23,12,"[1,1,10,1]",9,-q**13 + q**12,q**23 + q**22 + 2*q**21 + 3*q**20 + 4*q**19 + 5*q**18 + 6*q**17 + 7*q**16 + 8*q**15 + 9*q**14 + 10*q**13 + 11*q**12 + 11*q**11 + 11*q**10 + 10*q**9 + 9*q**8 + 8*q**7 + 7*q**6 + 6*q**5 + 5*q**4 + 4*q**3 + 3*q**2 + 2*q + 1,1024/33533955,-1/144,True,True,False,
25,12,"[2,12]",-10,-q**14 + q**13,q**23 + 2*q**22 + 3*q**21 + 4*q**20 + 5*q**19 + 6*q**18 + 7*q**17 + 8*q**16 + 9*q**15 + 10*q**14 + 11*q**13 + 11*q**12 + 11*q**11 + 10*q**10 + 9*q**9 + 8*q**8 + 7*q**7 + 6*q**6 + 5*q**5 + 4*q**4 + 3*q**3 + 2*q**2 + q + 1,512/25155585,-1/144,True,True,False,
29,12,"[2,2,2,2]",0,-q**8 + q**7,q**11 + 4*q**10 + 9*q**9 + 15*q**8 + 21*q**7 + 24*q**6 + 24*q**5 + 20*q**4 + 14*q**3 + 8*q**2 + 3*q + 1,8/18165,-1/144,True,True,False,
31,12,"[2,1,1,2,1,1]",0,-q**8 + q**7,q**11 + 3*q**10 + 8*q**9 + 14*q**8 + 20*q**7 + 24*q**6 + 24*q**5 + 21*q**4 + 15*q**3 + 9*q**2 + 4*q + 1,8/20055,-1/144,True,True,False,
35,12,"[2,1,10,1]",10,-q**14 + q**13,q**23 + q**22 + 2*q**21 + 3*q**20 + 4*q**19 + 5*q**18 + 6*q**17 + 7*q**16 + 8*q**15 + 9*q**14 + 10*q**13 + 11*q**12 + 11*q**11 + 11*q**10 + 10*q**9 + 9*q**8 + 8*q**7 + 7*q**6 + 6*q**5 + 5*q**4 + 4*q**3 + 3*q**2 + 2*q + 1,512/33533955,-1/144,True,True,False,
1,13,"[0,13]",-13,-q**13 + q**12,q**25 + 2*q**24 + 3*q**23 + 4*q**22 + 5*q**21 + 6*q**20 + 7*q**19 + 8*q**18 + 9*q**17 + 10*q**16 + 11*q**15 + 12*q**14 + 12*q**13 + 12*q**12 + 11*q**11 + 10*q**10 + 9*q**9 + 8*q**8 + 7*q**7 + 6*q**6 + 5*q**5 + 4*q**4 + 3*q**3 + 2*q**2 + q + 1,4096/100642817,-1/169,True,True,True,True
1,14,"[0,14]",-14,-q**14 + q**13,q**27 + 2*q**26 + 3*q**25 + 4*q**24 + 5*q**23 + 6*q**22 + 7*q**21 + 8*q**20 + 9*q**19 + 10*q**18 + 11*q**17 + 12*q**16 + 13*q**15 + 13*q**14 + 13*q**13 + 12*q**12 + 11*q**11 + 10*q**10 + 9*q**9 + 8*q**8 + 7*q**7 + 6*q**6 + 5*q**5 + 4*q**4 + 3*q**3 + 2*q**2 + q + 1,8192/402612225,-1/196,True,True,True,True
1,15,"[0,15]",-15,-q**15 + q**14,q**29 + 2*q**28 + 3*q**27 + 4*q**26 + 5*q**25 + 6*q**24 + 7*q**23 + 8*q**22 + 9*q**21 + 10*q**20 + 11*q**19 + 12*q**18 + 13*q**17 + 14*q**16 + 14*q**15 + 14*q**14 + 13*q**13 + 12*q**12 + 11*q**11 + 10*q**10 + 9*q**9 + 8*q**8 + 7*q**7 + 6*q**6 + 5*q**5 + 4*q**4 + 3*q**3 + 2*q**2 + q + 1,16384/1610530817,-1/225,True,True,True,True
1,16,"[0,16]",-16,-q**16 + q**15,q**31 + 2*q**30 + 3*q**29 + 4*q**28 + 5*q**27 + 6*q**26 + 7*q**25 + 8*q**24 + 9*q**23 + 10*q**22 + 11*q**21 + 12*q**20 + 13*q**19 + 14*q**18 + 15*q**17 + 15*q**16 + 15*q**15 + 14*q**14 + 13*q**13 + 12*q**12 + 11*q**11 + 10*q**10 + 9*q**9 + 8*q**8 + 7*q**7 + 6*q**6 + 5*q**5 + 4*q**4 + 3*q**3 + 2*q**2 + q + 1,32768/6442287105,-1/256,True,True,True,True
1,17,"[0,17]",-17,-q**17 + q**16,q**33 + 2*q**32 + 3*q**31 + 4*q**30 + 5*q**29 + 6*q**28 + 7*q**27 + 8*q**26 + 9*q**25 + 10*q**24 + 11*q**23 + 12*q**22 + 13*q**21 + 14*q**20 + 15*q**19 + 16*q**18 + 16*q**17 + 16*q**16 + 15*q**15 + 14*q**14 + 13*q**13 + 12*q**12 + 11*q**11 + 10*q**10 + 9*q**9 + 8*q**8 + 7*q**7 + 6*q**6 + 5*q**5 + 4*q**4 + 3*q**3 + 2*q**2 + q + 1,65536/25769476097,-1/289,True,True,True,True
1,18,"[0,18]",-18,-q**18 + q**17,q**35 + 2*q**34 + 3*q**33 + 4*q**32 + 5*q**31 + 6*q**30 + 7*q**29 + 8*q**28 + 9*q**27 + 10*q**26 + 11*q**25 + 12*q**24 + 13*q**23 + 14*q**22 + 15*q**21 + 16*q**20 + 17*q**19 + 17*q**18 + 17*q**17 + 16*q**16 + 15*q**15 + 14*q**14 + 13*q**13 + 12*q**12 + 11*q**11 + 10*q**10 + 9*q**9 + 8*q**8 + 7*q**7 + 6*q**6 + 5*q**5 + 4*q**4 + 3*q**3 + 2*q**2 + q + 1,131072/103078559745,-1/324,True,True,True,True
1,19,"[0,19]",-19,-q**19 + q**18,q**37 + 2*q**36 + 3*q**35 + 4*q**34 + 5*q**33 + 6*q**32 + 7*q**31 + 8*q**30 + 9*q**29 + 10*q**28 + 11*q**27 + 12*q**26 + 13*q**25 + 14*q**24 + 15*q**23 + 16*q**22 + 17*q**21 + 18*q**20 + 18*q**19 + 18*q**18 + 17*q**17 + 16*q**16 + 15*q**15 + 14*q**14 + 13*q**13 + 12*q**12 + 11*q**11 + 10*q**10 + 9*q**9 + 8*q**8 + 7*q**7 + 6*q**6 + 5*q**5 + 4*q**4 + 3*q**3 + 2*q**2 + q + 1,262144/412315549697,-1/361,True,True,True,True
1,20,"[0,20]",-20,-q**20 + q**19,q**39 + 2*q**38 + 3*q**37 + 4*q**36 + 5*q**35 + 6*q**34 + 7*q**33 + 8*q**32 + 9*q**31 + 10*q**30 + 11*q**29 + 12*q**28 + 13*q**27 + 14*q**26 + 15*q**25 + 16*q**24 + 17*q**23 + 18*q**22 + 19*q**21 + 19*q**20 + 19*q**19 + 18*q**18 + 17*q**17 + 16*q**16 + 15*q**15 + 14*q**14 + 13*q**13 + 12*q**12 + 11*q**11 + 10*q**10 + 9*q**9 + 8*q**8 + 7*q**7 + 6*q**6 + 5*q**5 + 4*q**4 + 3*q**3 + 2*q**2 + q + 1,524288/1649264820225,-1/400,True,True,True,True
1,21,"[0,21]",-21,-q**21 + q**20,q**41 + 2*q**40 + 3*q**39 + 4*q**38 + 5*q**37 + 6*q**36 + 7*q**35 + 8*q**34 + 9*q**33 + 10*q**32 + 11*q**31 + 12*q**30 + 13*q**29 + 14*q**28 + 15*q**27 + 16*q**26 + 17*q**25 + 18*q**24 + 19*q**23 + 20*q**22 + 20*q**21 + 20*q**20 + 19*q**19 + 18*q**18 + 17*q**17 + 16*q**16 + 15*q**15 + 14*q**14 + 13*q**13 + 12*q**12 + 11*q**11 + 10*q**10 + 9*q**9 + 8*q**8 + 7*q**7 + 6*q**6 + 5*q**5 + 4*q**4 + 3*q**3 + 2*q**2 + q + 1,1048576/6597064523777,-1/441,True,True,True,True
1,22,"[0,22]",-22,-q**22 + q**21,q**43 + 2*q**42 + 3*q**41 + 4*q**40 + 5*q**39 + 6*q**38 + 7*q**37 + 8*q**36 + 9*q**35 + 10*q**34 + 11*q**33 + 12*q**32 + 13*q**31 + 14*q**30 + 15*q**29 + 16*q**28 + 17*q**27 + 18*q**26 + 19*q**25 + 20*q**24 + 21*q**23 + 21*q**22 + 21*q**21 + 20*q**20 + 19*q**19 + 18*q**18 + 17*q**17 + 16*q**16 + 15*q**15 + 14*q**14 + 13*q**13 + 12*q**12 + 11*q**11 + 10*q**10 + 9*q**9 + 8*q**8 + 7*q**7 + 6*q**6 + 5*q**5 + 4*q**4 + 3*q**3 + 2*q**2 + q + 1,2097152/26388268580865,-1/484,True,True,True,True
1,23,"[0,23]",-23,-q**23 + q**22,q**45 + 2*q**44 + 3*q**43 + 4*q**42 + 5*q**41 + 6*q**40 + 7*q**39 + 8*q**38 + 9*q**37 + 10*q**36 + 11*q**35 + 12*q**34 + 13*q**33 + 14*q**32 + 15*q**31 + 16*q**30 + 17*q**29 + 18*q**28 + 19*q**27 + 20*q**26 + 21*q**25 + 22*q**24 + 22*q**23 + 22*q**22 + 21*q**21 + 20*q**20 + 19*q**19 + 18*q**18 + 17*q**17 + 16*q**16 + 15*q**15 + 14*q**14 + 13*q**13 + 12*q**12 + 11*q**11 + 10*q**10 + 9*q**9 + 8*q**8 + 7*q**7 + 6*q**6 + 5*q**5 + 4*q**4 + 3*q**3 + 2*q**2 + q + 1,4194304/105553095294977,-1/529,True,True,True,True
1,24,"[0,24]",-24,-q**24 + q**23,q**47 + 2*q**46 + 3*q**45 + 4*q**44 + 5*q**43 + 6*q**42 + 7*q**41 + 8*q**40 + 9*q**39 + 10*q**38 + 11*q**37 + 12*q**36 + 13*q**35 + 14*q**34 + 15*q**33 + 16*q**32 + 17*q**31 + 18*q**30 + 19*q**29 + 20*q**28 + 21*q**27 + 22*q**26 + 23*q**25 + 23*q**24 + 23*q**23 + 22*q**22 + 21*q**21 + 20*q**20 + 19*q**19 + 18*q**18 + 17*q**17 + 16*q**16 + 15*q**15 + 14*q**14 + 13*q**13 + 12*q**12 + 11*q**11 + 10*q**10 + 9*q**9 + 8*q**8 + 7*q**7 + 6*q**6 + 5*q**5 + 4*q**4 + 3*q**3 + 2*q**2 + q + 1,8388608/422212423122945,-1/576,True,True,True,True
1,25,"[0,25]",-25,-q**25 + q**24,q**49 + 2*q**48 + 3*q**47 + 4*q**46 + 5*q**45 + 6*q**44 + 7*q**43 + 8*q**42 + 9*q**41 + 10*q**40 + 11*q**39 + 12*q**38 + 13*q**37 + 14*q**36 + 15*q**35 + 16*q**34 + 17*q**33 + 18*q**32 + 19*q**31 + 20*q**30 + 21*q**29 + 22*q**28 + 23*q**27 + 24*q**26 + 24*q**25 + 24*q**24 + 23*q**23 + 22*q**22 + 21*q**21 + 20*q**20 + 19*q**19 + 18*q**18 + 17*q**17 + 16*q**16 + 15*q**15 + 14*q**14 + 13*q**13 + 12*q**12 + 11*q**11 + 10*q**10 + 9*q**9 + 8*q**8 + 7*q**7 + 6*q**6 + 5*q**5 + 4*q**4 + 3*q**3 + 2*q**2 + q + 1,16777216/1688849776377857,-1/625,True,True,True,True
1,26,"[0,26]",-26,-q**26 + q**25,q**51 + 2*q**50 + 3*q**49 + 4*q**48 + 5*q**47 + 6*q**46 + 7*q**45 + 8*q**44 + 9*q**43 + 10*q**42 + 11*q**41 + 12*q**40 + 13*q**39 + 14*q**38 + 15*q**37 + 16*q**36 + 17*q**35 + 18*q**34 + 19*q**33 + 20*q**32 + 21*q**31 + 22*q**30 + 23*q**29 + 24*q**28 + 25*q**27 + 25*q**26 + 25*q**25 + 24*q**24 + 23*q**23 + 22*q**22 + 21*q**21 + 20*q**20 + 19*q**19 + 18*q**18 + 17*q**17 + 16*q**16 + 15*q**15 + 14*q**14 + 13*q**13 + 12*q**12 + 11*q**11 + 10*q**10 + 9*q**9 + 8*q**8 + 7*q**7 + 6*q**6 + 5*q**5 + 4*q**4 + 3*q**3 + 2*q**2 + q + 1,33554432/6755399273283585,-1/676,True,True,True,True
1,27,"[0,27]",-27,-q**27 + q**26,q**53 + 2*q**52 + 3*q**51 + 4*q**50 + 5*q**49 + 6*q**48 + 7*q**47 + 8*q**46 + 9*q**45 + 10*q**44 + 11*q**43 + 12*q**42 + 13*q**41 + 14*q**40 + 15*q**39 + 16*q**38 + 17*q**37 + 18*q**36 + 19*q**35 + 20*q**34 + 21*q**33 + 22*q**32 + 23*q**31 + 24*q**30 + 25*q**29 + 26*q**28 + 26*q**27 + 26*q**26 + 25*q**25 + 24*q**24 + 23*q**23 + 22*q**22 + 21*q**21 + 20*q**20 + 19*q**19 + 18*q**18 + 17*q**17 + 16*q**16 + 15*q**15 + 14*q**14 + 13*q**13 + 12*q**12 + 11*q**11 + 10*q**10 + 9*q**9 + 8*q**8 + 7*q**7 + 6*q**6 + 5*q**5 + 4*q**4 + 3*q**3 + 2*q**2 + q + 1,67108864/27021597428678657,-1/729,True,True,True,True
1,28,"[0,28]",-28,-q**28 + q**27,q**55 + 2*q**54 + 3*q**53 + 4*q**52 + 5*q**51 + 6*q**50 + 7*q**49 + 8*q**48 + 9*q**47 + 10*q**46 + 11*q**45 + 12*q**44 + 13*q**43 + 14*q**42 + 15*q**41 + 16*q**40 + 17*q**39 + 18*q**38 + 19*q**37 + 20*q**36 + 21*q**35 + 22*q**34 + 23*q**33 + 24*q**32 + 25*q**31 + 26*q**30 + 27*q**29 + 27*q**28 + 27*q**27 + 26*q**26 + 25*q**25 + 24*q**24 + 23*q**23 + 22*q**22 + 21*q**21 + 20*q**20 + 19*q**19 + 18*q**18 + 17*q**17 + 16*q**16 + 15*q**15 + 14*q**14 + 13*q**13 + 12*q**12 + 11*q**11 + 10*q**10 + 9*q**9 + 8*q**8 + 7*q**7 + 6*q**6 + 5*q**5 + 4*q**4 + 3*q**3 + 2*q**2 + q + 1,134217728/108086390385803265,-1/784,True,True,True,True
1,29,"[0,29]",-29,-q**29 + q**28,q**57 + 2*q**56 + 3*q**55 + 4*q**54 + 5*q**53 + 6*q**52 + 7*q**51 + 8*q**50 + 9*q**49 + 10*q**48 + 11*q**47 + 12*q**46 + 13*q**45 + 14*q**44 + 15*q**43 + 16*q**42 + 17*q**41 + 18*q**40 + 19*q**39 + 20*q**38 + 21*q**37 + 22*q**36 + 23*q**35 + 24*q**34 + 25*q**33 + 26*q**32 + 27*q**31 + 28*q**30 + 28*q**29 + 28*q**28 + 27*q**27 + 26*q**26 + 25*q**25 + 24*q**24 + 23*q**23 + 22*q**22 + 21*q**21 + 20*q**20 + 19*q**19 + 18*q**18 + 17*q**17 + 16*q**16 + 15*q**15 + 14*q**14 + 13*q**13 + 12*q**12 + 11*q**11 + 10*q**10 + 9*q**9 + 8*q**8 + 7*q**7 + 6*q**6 + 5*q**5 + 4*q**4 + 3*q**3 + 2*q**2 + q + 1,268435456/432345562885390337,-1/841,True,True,True,True
1,30,"[0,30]",-30,-q**30 + q**29,q**59 + 2*q**58 + 3*q**57 + 4*q**56 + 5*q**55 + 6*q**54 + 7*q**53 + 8*q**52 + 9*q**51 + 10*q**50 + 11*q**49 + 12*q**48 + 13*q**47 + 14*q**46 + 15*q**45 + 16*q**44 + 17*q**43 + 18*q**42 + 19*q**41 + 20*q**40 + 21*q**39 + 22*q**38 + 23*q**37 + 24*q**36 + 25*q**35 + 26*q**34 + 27*q**33 + 28*q**32 + 29*q**31 + 29*q**30 + 29*q**29 + 28*q**28 + 27*q**27 + 26*q**26 + 25*q**25 + 24*q**24 + 23*q**23 + 22*q**22 + 21*q**21 + 20*q**20 + 19*q**19 + 18*q**18 + 17*q**17 + 16*q**16 + 15*q**15 + 14*q**14 + 13*q**13 + 12*q**12 + 11*q**11 + 10*q**10 + 9*q**9 + 8*q**8 + 7*q**7 + 6*q**6 + 5*q**5 + 4*q**4 + 3*q**3 + 2*q**2 + q + 1,536870912/1729382254225915905,-1/900,True,True,True,True
