run_name,dir,started_iso,finished_iso,status,dataset_sha,commit
t1-logistic-d1-10k-binsD,<path>,2026-06-10T22:18:22,,started,bb8335dfb1c6ad68,a874d67
t1-logistic-d1-10k-binsD,<path>,2026-06-10T22:18:22,2026-06-10T22:18:22,failed,bb8335dfb1c6ad68,a874d67
t1-logistic-d1-10k-binsD,<path>,2026-06-10T22:18:45,,started,bb8335dfb1c6ad68,a874d67
t1-logistic-d1-10k-binsD,<path>,2026-06-10T22:18:45,2026-06-10T22:18:55,done,bb8335dfb1c6ad68,a874d67
t1-cnn-d1-10k-binsD,<path>,2026-06-10T22:19:24,,started,bb8335dfb1c6ad68,a874d67
t1-cnn-d1-10k-binsD,<path>,2026-06-10T22:19:24,2026-06-10T22:19:43,done,bb8335dfb1c6ad68,a874d67
t1-logistic-d1-10k-binsD,<path>,2026-06-10T22:19:49,,started,bb8335dfb1c6ad68,a874d67
t1-logistic-d1-10k-binsD,<path>,2026-06-10T22:19:49,2026-06-10T22:20:02,done,bb8335dfb1c6ad68,a874d67
t1-logistic-d1-10k-binsD,<path>,2026-06-10T22:34:48,,started,bb8335dfb1c6ad68,0c2216d
t1-logistic-d1-10k-binsD,<path>,2026-06-10T22:34:48,2026-06-10T22:34:57,done,bb8335dfb1c6ad68,0c2216d
t1-logistic-d1-10k-binsD,<path>,2026-06-10T22:35:43,,started,bb8335dfb1c6ad68,0c2216d
t1-logistic-d1-10k-binsD,<path>,2026-06-10T22:35:43,2026-06-10T22:35:57,done,bb8335dfb1c6ad68,0c2216d
t1-logistic-d1-10k-binsD,<path>,2026-06-10T22:36:04,,started,bb8335dfb1c6ad68,0c2216d
t1-logistic-d1-10k-binsD,<path>,2026-06-10T22:36:04,2026-06-10T22:36:18,done,bb8335dfb1c6ad68,0c2216d
t1-logistic-d1-10k-binsD,<path>,2026-06-10T22:36:24,,started,bb8335dfb1c6ad68,0c2216d
t1-logistic-d1-10k-binsD,<path>,2026-06-10T22:36:24,2026-06-10T22:36:38,done,bb8335dfb1c6ad68,0c2216d
t1-logistic-d1full-binsD,<path>,2026-06-10T22:58:05,,started,d85a38ecaedd2f6d,0c2216d
t1-logistic-d1full-binsD,<path>,2026-06-10T22:58:05,2026-06-10T22:59:10,done,d85a38ecaedd2f6d,0c2216d
t1-logistic-d1full-binsD,<path>,2026-06-10T22:59:21,,started,d85a38ecaedd2f6d,0c2216d
t1-logistic-d1full-binsD,<path>,2026-06-10T22:59:21,2026-06-10T23:00:22,done,d85a38ecaedd2f6d,0c2216d
t1-logistic-d1full-binsD,<path>,2026-06-10T23:00:33,,started,d85a38ecaedd2f6d,0c2216d
t1-logistic-d1full-binsD,<path>,2026-06-10T23:00:33,2026-06-10T23:01:35,done,d85a38ecaedd2f6d,0c2216d
t1-logistic-d1full-binsD,<path>,2026-06-10T23:01:45,,started,d85a38ecaedd2f6d,0c2216d
t1-logistic-d1full-binsD,<path>,2026-06-10T23:01:45,2026-06-10T23:02:46,done,d85a38ecaedd2f6d,0c2216d
t1-logistic-d1full-binsD,<path>,2026-06-10T23:02:57,,started,d85a38ecaedd2f6d,0c2216d
t1-logistic-d1full-binsD,<path>,2026-06-10T23:02:57,2026-06-10T23:04:05,done,d85a38ecaedd2f6d,0c2216d
t1-cnn-d1full-binsD,<path>,2026-06-10T23:04:16,,started,d85a38ecaedd2f6d,0c2216d
t1-cnn-d1full-binsD,<path>,2026-06-10T23:04:16,2026-06-10T23:06:30,done,d85a38ecaedd2f6d,0c2216d
t1-cnn-d1full-binsD,<path>,2026-06-10T23:06:42,,started,d85a38ecaedd2f6d,0c2216d
t1-cnn-d1full-binsD,<path>,2026-06-10T23:06:42,2026-06-10T23:09:05,done,d85a38ecaedd2f6d,0c2216d
t1-cnn-d1full-binsD,<path>,2026-06-10T23:09:28,,started,d85a38ecaedd2f6d,0c2216d
t1-cnn-d1full-binsD,<path>,2026-06-10T23:09:28,2026-06-10T23:11:47,done,d85a38ecaedd2f6d,0c2216d
t1-cnn-d1full-binsD,<path>,2026-06-10T23:11:59,,started,d85a38ecaedd2f6d,0c2216d
t1-cnn-d1full-binsD,<path>,2026-06-10T23:11:59,2026-06-10T23:14:14,done,d85a38ecaedd2f6d,0c2216d
t2-logistic-d1full-binsD,<path>,2026-06-11T11:25:20,,started,d85a38ecaedd2f6d,bed9ce2
t2-logistic-d1full-binsD,<path>,2026-06-11T11:25:20,2026-06-11T11:25:28,done,d85a38ecaedd2f6d,bed9ce2
t2-forest-d1full-binsD,<path>,2026-06-11T11:25:37,,started,d85a38ecaedd2f6d,bed9ce2
t2-forest-d1full-binsD,<path>,2026-06-11T11:25:37,2026-06-11T11:25:46,done,d85a38ecaedd2f6d,bed9ce2
t4-forest-d1deep-binsD,<path>,2026-06-11T11:27:11,,started,e2bbcd2a0b33e83d,bed9ce2
t4-forest-d1deep-binsD,<path>,2026-06-11T11:27:11,2026-06-11T11:27:13,done,e2bbcd2a0b33e83d,bed9ce2
