d,a,C_div_AminusD,C_div_B
2,1,1,1
3,1,1,1
5,1,1,1
5,2,1,1
6,1,1,1
6,2,1,1
7,1,1,1
7,2,1,1
8,1,1,1
8,2,1,1
10,1,1,1
10,2,1,1
10,3,1,1
11,1,1,1
11,2,1,1
11,3,1,1
12,1,1,1
12,2,1,1
12,3,1,1
13,1,1,1
13,2,1,1
13,3,1,1
14,1,1,1
14,2,1,1
14,3,1,1
15,1,1,1
15,2,1,1
15,3,1,1
17,1,1,1
17,2,1,1
17,3,1,1
18,1,1,1
18,2,1,1
18,3,1,1
19,1,0,0
19,2,0,0
19,3,0,0
20,1,1,1
20,2,1,1
20,3,1,1
21,1,1,1
21,2,1,1
21,3,1,1
22,1,0,0
22,2,0,0
22,3,0,0
23,1,1,1
23,2,1,1
23,3,1,1
24,1,1,1
24,2,1,1
24,3,1,1
26,1,1,1
26,2,1,1
26,3,1,1
27,1,1,1
27,2,1,1
27,3,1,1
28,1,0,0
28,2,0,0
28,3,0,0
29,1,0,0
29,2,0,0
29,3,0,0
30,1,1,1
30,2,1,1
30,3,1,1
31,1,0,0
31,2,0,0
31,3,0,0
32,1,1,1
32,2,1,1
32,3,1,1
33,1,1,1
33,2,1,1
33,3,1,1
34,1,1,1
34,2,1,1
34,3,1,1
35,1,1,1
35,2,1,1
35,3,1,1
37,1,1,1
37,2,1,1
37,3,1,1
38,1,1,1
38,2,1,1
38,3,1,1
39,1,1,1
39,2,1,1
39,3,1,1
40,1,1,1
40,2,1,1
40,3,1,1
