d,r_mod1e8,s_mod1e8,degC,C_div_AminusD,C_div_B,C2_div_T2minus4qm
2,3,2,1,1,1,1
3,2,1,0,1,1,1
5,9,4,3,1,1,1
6,5,2,1,1,1,1
7,8,3,2,1,1,1
8,3,1,0,1,1,1
10,19,6,5,1,1,1
11,10,3,2,1,1,1
12,7,2,1,1,1,1
13,649,180,13,1,1,1
14,15,4,3,1,1,1
15,4,1,0,1,1,1
17,33,8,7,1,1,1
18,17,4,3,1,1,1
19,170,39,8,0,0,0
20,9,2,1,1,1,1
21,55,12,5,1,1,1
22,197,42,9,0,0,0
23,24,5,4,1,1,1
24,5,1,0,1,1,1
26,51,10,9,1,1,1
27,26,5,4,1,1,1
28,127,24,7,0,0,0
29,9801,1820,21,0,0,0
30,11,2,1,1,1,1
31,1520,273,14,0,0,0
32,17,3,2,1,1,1
33,23,4,3,1,1,1
34,35,6,5,1,1,1
35,6,1,0,1,1,1
37,73,12,11,1,1,1
38,37,6,5,1,1,1
39,25,4,3,1,1,1
40,19,3,2,1,1,1
41,2049,320,19,1,1,1
42,13,2,1,1,1,1
43,3482,531,16,0,0,0
44,199,30,7,1,1,1
45,161,24,7,0,0,0
46,24335,3588,21,0,0,0
47,48,7,6,1,1,1
48,7,1,0,1,1,1
50,99,14,13,1,1,1
51,50,7,6,1,1,1
52,649,90,11,0,0,0
53,66249,9100,29,0,0,0
54,485,66,11,0,0,0
55,89,12,5,1,1,1
56,15,2,1,1,1,1
57,151,20,7,1,1,1
58,19603,2574,25,0,0,0
59,530,69,12,0,0,0
60,31,4,3,1,1,1
61,66319049,26153980,57,0,0,0
62,63,8,7,1,1,1
63,8,1,0,1,1,1
65,129,16,15,1,1,1
66,65,8,7,1,1,1
67,48842,5967,24,0,0,0
68,33,4,3,1,1,1
69,7775,936,17,0,0,0
70,251,30,7,1,1,1
71,3480,413,16,0,0,0
72,17,2,1,1,1,1
73,2281249,267000,43,0,0,0
74,3699,430,23,1,1,1
75,26,3,2,1,1,1
76,57799,6630,23,0,0,0
77,351,40,9,0,0,0
78,53,6,5,1,1,1
79,80,9,8,1,1,1
80,9,1,0,1,1,1
82,163,18,17,1,1,1
83,82,9,8,1,1,1
84,55,6,5,1,1,1
85,285769,30996,37,0,0,0
86,10405,1122,19,0,0,0
87,28,3,2,1,1,1
88,197,21,6,0,0,0
89,500001,53000,37,0,0,0
90,19,2,1,1,1,1
91,1574,165,14,0,0,0
92,1151,120,11,0,0,0
93,12151,1260,19,0,0,0
94,2143295,221064,35,0,0,0
95,39,4,3,1,1,1
96,49,5,4,1,1,1
97,62809633,6377352,53,0,0,0
98,99,10,9,1,1,1
99,10,1,0,1,1,1
101,201,20,19,1,1,1
102,101,10,9,1,1,1
103,227528,22419,30,0,0,0
104,51,5,4,1,1,1
105,41,4,3,1,1,1
106,32080051,3115890,47,0,0,0
107,962,93,14,0,0,0
108,1351,130,11,0,0,0
109,71986249,24455100,95,0,0,0
110,21,2,1,1,1,1
111,295,28,9,1,1,1
112,127,12,5,1,1,1
113,1204353,113296,39,0,0,0
114,1025,96,15,0,0,0
115,1126,105,10,0,0,0
116,9801,910,17,0,0,0
117,649,60,11,1,1,1
118,306917,28254,33,0,0,0
119,120,11,10,1,1,1
120,11,1,0,1,1,1
122,243,22,21,1,1,1
123,122,11,10,1,1,1
124,4620799,414960,35,0,0,0
125,930249,83204,45,0,0,0
126,449,40,9,0,0,0
127,4730624,419775,40,0,0,0
128,577,51,10,0,0,0
129,16855,1484,19,0,0,0
130,6499,570,29,1,1,1
131,10610,927,22,0,0,0
132,23,2,1,1,1,1
133,2588599,224460,35,0,0,0
134,145925,12606,27,0,0,0
135,244,21,6,0,0,0
136,35,3,2,1,1,1
137,6083073,519712,45,0,0,0
138,47,4,3,1,1,1
139,77563250,6578829,48,0,0,0
140,71,6,5,1,1,1
141,95,8,7,1,1,1
142,143,12,11,1,1,1
143,12,1,0,1,1,1
145,289,24,23,1,1,1
146,145,12,11,1,1,1
147,97,8,7,1,1,1
148,73,6,5,1,1,1
149,1741449,13761020,75,0,0,0
150,49,4,3,1,1,1
151,28148040,40634693,56,0,0,0
152,37,3,2,1,1,1
153,2177,176,11,0,0,0
154,21295,1716,17,0,0,0
155,249,20,7,1,1,1
156,25,2,1,1,1,1
157,28731849,64292220,99,0,0,0
158,7743,616,21,0,0,0
159,1324,105,10,0,0,0
160,721,57,10,0,0,0
161,11775,928,17,0,0,0
162,19601,1540,23,0,0,0
163,64080026,5019135,48,0,0,0
164,2049,160,15,0,0,0
165,1079,84,13,1,1,1
166,902565,32015642,57,0,0,0
167,168,13,12,1,1,1
168,13,1,0,1,1,1
170,339,26,25,1,1,1
171,170,13,12,1,1,1
172,24248647,1848942,41,0,0,0
173,2499849,190060,53,0,0,0
174,1451,110,13,0,0,0
175,2024,153,12,0,0,0
176,199,15,6,1,1,1
177,62423,4692,23,0,0,0
178,1601,120,17,0,0,0
179,4190210,313191,38,0,0,0
180,161,12,5,1,1,1
181,24185801,83461940,133,0,0,0
182,27,2,1,1,1,1
183,487,36,11,1,1,1
184,24335,1794,17,0,0,0
185,9249,680,33,1,1,1
186,7501,550,15,0,0,0
187,1682,123,18,0,0,0
188,4607,336,15,0,0,0
189,55,4,3,1,1,1
190,52021,3774,19,0,0,0
191,8994000,650783,40,0,0,0
192,97,7,6,1,1,1
193,23426849,36604040,97,0,0,0
194,195,14,13,1,1,1
195,14,1,0,1,1,1
197,393,28,27,1,1,1
198,197,14,13,1,1,1
199,66196520,53080099,66,0,0,0
200,99,7,6,1,1,1
201,515095,36332,29,0,0,0
202,19731763,1388322,55,0,0,0
203,57,4,3,1,1,1
204,4999,350,15,0,0,0
205,39689,2772,23,0,0,0
206,59535,4148,29,0,0,0
207,1151,80,9,0,0,0
208,649,45,8,0,0,0
209,46551,3220,21,0,0,0
210,29,2,1,1,1,1
211,54373650,62705353,74,0,0,0
212,66249,4550,21,0,0,0
213,194399,13320,29,0,0,0
214,59189925,33775646,77,0,0,0
215,44,3,2,1,1,1
216,485,33,8,0,0,0
217,3844063,260952,37,0,0,0
218,126003,8534,43,0,0,0
219,74,5,4,1,1,1
220,89,6,5,1,1,1
221,1665,112,15,0,0,0
222,149,10,9,1,1,1
223,224,15,14,1,1,1
224,15,1,0,1,1,1
226,451,30,29,1,1,1
227,226,15,14,1,1,1
228,151,10,9,1,1,1
229,5848201,386460,61,0,0,0
230,91,6,5,1,1,1
231,76,5,4,1,1,1
232,19603,1287,20,0,0,0
233,72400673,70255304,65,0,0,0
234,5201,340,13,0,0,0
235,46,3,2,1,1,1
236,561799,36570,29,0,0,0
237,228151,14820,31,0,0,0
238,11663,756,23,0,0,0
239,6195120,400729,42,0,0,0
240,31,2,1,1,1,1
241,57001249,5044600,125,0,0,0
242,19601,1260,25,0,0,0
243,70226,4505,28,0,0,0
244,66319049,13076990,55,0,0,0
245,51841,3312,25,0,0,0
246,88805,5662,31,0,0,0
247,85292,5427,28,0,0,0
248,63,4,3,1,1,1
249,8553815,542076,39,0,0,0
250,39480499,2496966,61,0,0,0
251,3674890,231957,40,0,0,0
252,127,8,7,1,1,1
253,22617399,2604220,59,0,0,0
254,255,16,15,1,1,1
255,16,1,0,1,1,1
257,513,32,31,1,1,1
258,257,16,15,1,1,1
259,847225,52644,35,0,0,0
260,129,8,7,1,1,1
261,92119201,11891880,47,0,0,0
262,4980517,6485718,57,0,0,0
263,139128,8579,30,0,0,0
264,65,4,3,1,1,1
265,73738369,4529712,59,0,0,0
266,685,42,9,0,0,0
267,2402,147,20,0,0,0
268,71081927,91440214,59,0,0,0
269,13449,820,39,1,1,1
270,5291,322,15,0,0,0
271,74983600,44978537,76,0,0,0
272,33,2,1,1,1,1
273,727,44,13,1,1,1
274,3959299,239190,55,0,0,0
275,199,12,5,1,1,1
276,7775,468,13,0,0,0
277,80475849,78027020,159,0,0,0
278,2501,150,21,0,0,0
279,1520,91,10,0,0,0
280,251,15,6,1,1,1
281,630049,51575480,95,0,0,0
282,2351,140,13,1,1,1
283,38274082,8219541,58,0,0,0
284,24220799,1437240,41,0,0,0
285,2431,144,17,0,0,0
286,561835,33222,35,0,0,0
287,288,17,16,1,1,1
288,17,1,0,1,1,1
290,579,34,33,1,1,1
291,290,17,16,1,1,1
292,2281249,133500,41,0,0,0
293,12320649,719780,69,0,0,0
294,4801,280,17,1,1,1
295,2024999,117900,31,0,0,0
296,3699,215,16,0,0,0
297,48599,2820,19,0,0,0
298,73872499,33479650,89,0,0,0
299,415,24,7,0,0,0
300,1351,78,13,0,0,0
