d,finite,deg_phi,cyclotomic_n,k_in_C,a_in_AminusD,b_in_B,w_in_T2minus4qm,local_iff_ok,phi_coeffs
2,1,1,2,1,1,1,2,1,1 1
5,1,1,2,1,1,1,2,1,1 1
5,1,2,4,1,2,1,2,1,1 0 1
6,1,1,2,1,1,1,2,1,1 1
7,1,2,3,1,1,1,2,1,1 1 1
10,1,1,2,1,1,1,2,1,1 1
10,1,2,6,1,1,1,3,1,1 -1 1
10,1,2,3,1,1,1,2,1,1 1 1
11,1,2,3,1,1,1,2,1,1 1 1
12,1,1,2,1,1,1,2,1,1 1
13,1,1,2,1,1,1,2,1,1 1
13,1,2,4,1,2,1,2,1,1 0 1
13,1,2,3,1,1,1,2,1,1 1 1
13,1,4,,1,1,1,2,1,1 1 -1 1 1
13,1,4,5,1,1,1,2,1,1 1 1 1 1
14,1,1,2,1,1,1,2,1,1 1
14,1,2,4,1,1,1,2,1,1 0 1
17,1,1,2,1,1,1,2,1,1 1
17,1,2,4,1,1,1,2,1,1 0 1
17,1,4,8,1,1,1,2,1,1 0 0 0 1
18,1,1,2,1,1,1,2,1,1 1
18,1,2,4,1,1,1,2,1,1 0 1
19,0,2,3,1,1,1,2,1,1 1 1
19,0,6,,1,0,0,0,1,1 2 2 3 2 2 1
20,1,1,2,1,1,1,2,1,1 1
21,1,1,2,1,1,1,2,1,1 1
21,1,2,4,1,1,1,2,1,1 0 1
21,1,2,3,1,1,1,2,1,1 1 1
22,0,1,2,1,1,1,2,1,1 1
22,0,2,3,1,1,1,2,1,1 1 1
22,0,6,,1,0,0,0,1,1 0 2 1 2 0 1
23,1,4,5,1,1,1,2,1,1 1 1 1 1
26,1,1,2,1,1,1,2,1,1 1
26,1,4,10,1,1,1,2,1,1 -1 1 -1 1
26,1,4,5,1,1,1,2,1,1 1 1 1 1
27,1,4,5,1,1,1,2,1,1 1 1 1 1
28,0,1,2,1,1,1,2,1,1 1
28,0,2,3,1,1,1,2,1,1 1 1
28,0,2,4,2,1,1,2,1,1 0 1
29,0,1,2,1,1,1,2,1,1 1
29,0,2,4,1,2,1,2,1,1 0 1
29,0,4,5,1,2,1,2,1,1 1 1 1 1
29,0,6,,1,0,0,0,1,1 2 2 3 2 2 1
29,0,8,,1,1,1,2,1,1 1 1 0 1 0 1 1 1
30,1,1,2,1,1,1,2,1,1 1
31,0,2,3,1,1,1,2,1,1 1 1
31,0,12,,1,0,0,0,1,1 2 4 8 10 13 15 13 10 8 4 2 1
32,1,2,3,1,1,1,2,1,1 1 1
33,1,1,2,1,1,1,2,1,1 1
33,1,2,4,1,1,1,2,1,1 0 1
34,1,1,2,1,1,1,2,1,1 1
34,1,2,6,1,1,1,2,1,1 -1 1
34,1,2,3,1,1,1,2,1,1 1 1
37,1,1,2,1,1,1,2,1,1 1
37,1,2,6,1,1,1,3,1,1 -1 1
37,1,2,4,1,2,1,2,1,1 0 1
37,1,2,3,1,1,1,2,1,1 1 1
37,1,4,12,1,1,1,2,1,1 0 -1 0 1
38,1,1,2,1,1,1,2,1,1 1
38,1,2,6,1,1,1,2,1,1 -1 1
38,1,2,3,1,1,1,2,1,1 1 1
39,1,1,2,1,1,1,2,1,1 1
39,1,2,4,1,1,1,2,1,1 0 1
40,1,2,3,1,1,1,2,1,1 1 1
41,1,1,2,1,1,1,2,1,1 1
41,1,2,4,1,1,1,2,1,1 0 1
41,1,4,5,1,1,1,2,1,1 1 1 1 1
41,1,12,,1,1,1,2,1,1 1 2 1 1 1 2 1 1 1 2 1 1
42,1,1,2,1,1,1,2,1,1 1
43,0,2,3,2,1,1,2,1,1 1 1
43,0,12,,1,0,0,0,1,1 2 3 6 6 7 9 7 6 6 3 2 1
44,1,1,2,1,1,1,2,1,1 1
44,1,2,3,1,1,1,2,1,1 1 1
44,1,4,5,1,1,1,2,1,1 1 1 1 1
45,0,1,2,1,1,1,2,1,1 1
45,0,2,3,1,1,1,2,1,1 1 1
45,0,2,4,2,1,1,2,1,1 0 1
46,0,1,2,1,1,1,2,1,1 1
46,0,2,4,1,1,1,2,1,1 0 1
46,0,2,3,1,1,1,2,1,1 1 1
46,0,16,,1,0,0,0,1,1 3 6 11 18 25 31 36 37 36 31 25 18 11 6 3 1
47,1,6,7,1,1,1,2,1,1 1 1 1 1 1 1
50,1,1,2,1,1,1,2,1,1 1
50,1,6,14,1,1,1,2,1,1 -1 1 -1 1 -1 1
50,1,6,7,1,1,1,2,1,1 1 1 1 1 1 1
51,1,6,7,1,1,1,2,1,1 1 1 1 1 1 1
52,0,1,2,1,1,1,2,1,1 1
52,0,2,6,1,1,1,2,1,1 -1 1
52,0,2,3,2,1,1,2,1,1 1 1
52,0,4,5,1,1,1,2,1,1 1 1 1 1
53,0,1,2,1,1,1,2,1,1 1
53,0,2,4,1,2,1,2,1,1 0 1
53,0,4,5,2,1,1,2,1,1 1 1 1 1
53,0,6,7,1,1,1,2,1,1 1 1 1 1 1 1
53,0,12,,1,1,1,2,1,1 1 1 2 1 1 -1 1 1 2 1 1 1
54,0,1,2,1,1,1,2,1,1 1
54,0,2,3,1,1,1,2,1,1 1 1
54,0,8,,1,0,0,0,1,1 1 1 2 1 2 1 1 1
55,1,1,2,1,1,1,2,1,1 1
55,1,2,4,1,1,1,2,1,1 0 1
55,1,2,3,1,1,1,2,1,1 1 1
56,1,1,2,1,1,1,2,1,1 1
57,1,1,2,1,1,1,2,1,1 1
57,1,2,4,1,1,1,2,1,1 0 1
57,1,4,5,1,1,1,2,1,1 1 1 1 1
58,0,1,2,1,1,1,2,1,1 1
58,0,2,3,1,1,1,2,1,1 1 1
58,0,6,,1,0,0,0,1,1 2 2 3 2 2 1
58,0,16,,1,1,1,2,1,1 2 1 3 2 2 2 3 1 3 2 2 2 3 1 2 1
59,0,2,3,1,1,1,2,1,1 1 1
59,0,10,,1,0,0,0,1,1 1 2 3 3 3 3 3 2 1 1
60,1,1,2,1,1,1,2,1,1 1
60,1,2,4,1,1,1,2,1,1 0 1
61,0,1,2,1,1,1,2,1,1 1
61,0,2,6,1,1,1,3,1,1 -1 1
61,0,2,4,1,2,1,2,1,1 0 1
61,0,2,3,1,1,1,2,1,1 1 1
61,0,4,5,1,1,1,2,1,1 1 1 1 1
61,0,18,,1,0,0,0,1,1 3 8 16 28 45 62 79 91 95 91 79 62 45 28 16 8 3 1
61,0,28,,1,1,1,2,1,1 5 15 34 64 105 153 200 241 273 293 304 312 317 319 317 312 304 293 273 241 200 153 105 64 34 15 5 1
62,1,1,2,1,1,1,2,1,1 1
62,1,2,4,1,1,1,2,1,1 0 1
62,1,4,8,1,1,1,2,1,1 0 0 0 1
65,1,1,2,1,1,1,2,1,1 1
65,1,2,4,1,1,1,2,1,1 0 1
65,1,4,8,1,1,1,2,1,1 0 0 0 1
65,1,8,16,1,1,1,2,1,1 0 0 0 0 0 0 0 1
66,1,1,2,1,1,1,2,1,1 1
66,1,2,4,1,1,1,2,1,1 0 1
66,1,4,8,1,1,1,2,1,1 0 0 0 1
67,0,2,3,2,1,1,2,1,1 1 1
67,0,20,,1,0,0,0,1,1 3 6 12 21 30 41 54 61 67 71 67 61 54 41 30 21 12 6 3 1
68,1,1,2,1,1,1,2,1,1 1
68,1,2,4,1,1,1,2,1,1 0 1
69,0,1,2,1,1,1,2,1,1 1
69,0,2,3,1,1,1,2,1,1 1 1
69,0,2,4,2,1,1,2,1,1 0 1
69,0,10,,1,0,0,0,1,1 2 3 5 6 5 6 5 3 2 1
70,1,1,2,1,1,1,2,1,1 1
70,1,2,3,1,1,1,2,1,1 1 1
70,1,4,5,1,1,1,2,1,1 1 1 1 1
71,0,16,,1,0,0,0,1,1 4 10 18 27 35 42 46 47 46 42 35 27 18 10 4 1
72,1,1,2,1,1,1,2,1,1 1
73,0,1,2,1,1,1,2,1,1 1
73,0,2,4,1,1,1,2,1,1 0 1
73,0,2,3,1,1,1,2,1,1 1 1
73,0,4,5,1,1,1,2,1,1 1 1 1 1
73,0,5,,1,0,0,0,1,1 1 1 1 0 1
73,0,5,,1,0,0,0,1,1 0 1 1 1 1
73,0,24,,1,1,1,2,1,1 2 2 4 7 8 8 10 11 10 10 11 10 11 10 10 11 10 8 8 7 4 2 2 1
74,1,1,2,1,1,1,2,1,1 1
74,1,4,5,1,1,1,2,1,1 1 1 1 1
74,1,18,,1,1,1,2,1,1 2 2 3 2 3 2 3 2 3 2 3 2 3 2 3 2 2 1
75,1,2,3,1,1,1,2,1,1 1 1
76,0,1,2,1,1,1,2,1,1 1
76,0,2,6,1,1,1,2,1,1 -1 1
76,0,2,3,1,1,1,2,1,1 1 1
76,0,4,5,1,1,1,2,1,1 1 1 1 1
76,0,14,,1,0,0,0,1,1 3 6 11 18 25 30 33 30 25 18 11 6 3 1
77,0,1,2,1,1,1,2,1,1 1
77,0,2,4,2,1,1,2,1,1 0 1
77,0,4,5,1,1,1,2,1,1 1 1 1 1
78,1,1,2,1,1,1,2,1,1 1
78,1,2,6,1,1,1,2,1,1 -1 1
78,1,2,3,1,1,1,2,1,1 1 1
79,1,2,3,1,1,1,2,1,1 1 1
79,1,6,9,1,1,1,2,1,1 0 0 1 0 0 1
82,1,1,2,1,1,1,2,1,1 1
82,1,2,6,1,1,1,3,1,1 -1 1
82,1,2,3,1,1,1,2,1,1 1 1
82,1,6,18,1,1,1,2,1,1 0 0 -1 0 0 1
82,1,6,9,1,1,1,2,1,1 0 0 1 0 0 1
83,1,2,3,1,1,1,2,1,1 1 1
83,1,6,9,1,1,1,2,1,1 0 0 1 0 0 1
84,1,1,2,1,1,1,2,1,1 1
84,1,2,6,1,2,1,2,1,1 -1 1
84,1,2,3,1,1,1,2,1,1 1 1
85,0,1,2,1,1,1,2,1,1 1
85,0,2,4,1,2,1,2,1,1 0 1
85,0,2,3,1,1,1,2,1,1 1 1
85,0,6,9,1,1,1,2,1,1 0 0 1 0 0 1
85,0,10,,1,0,0,0,1,1 2 3 5 6 7 6 5 3 2 1
85,0,16,,1,1,1,2,1,1 1 1 2 3 1 1 0 1 0 1 1 3 2 1 1 1
86,0,1,2,1,1,1,2,1,1 1
86,0,2,3,1,1,1,2,1,1 1 1
86,0,16,,1,0,0,0,1,1 3 5 9 13 15 18 20 19 20 18 15 13 9 5 3 1
87,1,2,3,1,1,1,2,1,1 1 1
88,0,2,3,1,1,1,2,1,1 1 1
88,0,4,,1,0,0,0,1,1 2 1 2 1
89,0,1,2,1,1,1,2,1,1 1
89,0,2,4,1,1,1,2,1,1 0 1
89,0,4,5,1,2,1,2,1,1 1 1 1 1
89,0,10,,1,0,0,0,1,1 2 4 7 8 9 8 7 4 2 1
89,0,20,,1,1,1,2,1,1 1 3 3 3 2 2 3 4 2 2 2 4 3 2 2 3 3 3 1 1
90,1,1,2,1,1,1,2,1,1 1
91,0,2,3,1,1,1,2,1,1 1 1
91,0,4,5,1,1,1,2,1,1 1 1 1 1
91,0,8,,1,0,0,0,1,1 1 1 2 1 2 1 1 1
92,0,1,2,1,1,1,2,1,1 1
92,0,2,3,1,1,1,2,1,1 1 1
92,0,2,4,2,1,1,2,1,1 0 1
92,0,4,5,1,1,1,2,1,1 1 1 1 1
93,0,1,2,1,1,1,2,1,1 1
93,0,2,4,1,1,1,2,1,1 0 1
93,0,2,3,1,1,1,2,1,1 1 1
93,0,4,5,1,1,1,2,1,1 1 1 1 1
93,0,10,,1,0,0,0,1,1 1 1 3 3 3 3 3 1 1 1
94,0,1,2,1,1,1,2,1,1 1
94,0,2,4,1,1,1,2,1,1 0 1
94,0,2,3,1,1,1,2,1,1 1 1
94,0,30,,1,0,0,0,1,1 5 15 37 78 145 243 375 539 726 924 1118 1291 1427 1515 1544 1515 1427 1291 1118 924 726 539 375 243 145 78 37 15 5 1
95,1,1,2,1,1,1,2,1,1 1
95,1,2,4,1,1,1,2,1,1 0 1
96,1,4,5,1,1,1,2,1,1 1 1 1 1
97,0,1,2,1,1,1,2,1,1 1
97,0,2,4,1,1,1,2,1,1 0 1
97,0,2,3,1,1,1,2,1,1 1 1
97,0,18,,1,0,0,0,1,1 4 8 15 24 35 46 56 63 65 63 56 46 35 24 15 8 4 1
97,0,30,,1,1,1,2,1,1 4 7 11 17 24 29 34 40 43 45 46 47 48 48 46 48 48 47 46 45 43 40 34 29 24 17 11 7 4 1
98,1,1,2,1,1,1,2,1,1 1
98,1,4,10,1,1,1,2,1,1 -1 1 -1 1
98,1,4,5,1,1,1,2,1,1 1 1 1 1
101,1,1,2,1,1,1,2,1,1 1
101,1,2,4,1,2,1,2,1,1 0 1
101,1,4,10,1,1,1,2,1,1 -1 1 -1 1
101,1,4,5,1,1,1,2,1,1 1 1 1 1
101,1,8,20,1,1,1,2,1,1 0 -1 0 1 0 -1 0 1
102,1,1,2,1,1,1,2,1,1 1
102,1,4,10,1,1,1,2,1,1 -1 1 -1 1
102,1,4,5,1,1,1,2,1,1 1 1 1 1
103,0,2,3,1,1,1,2,1,1 1 1
103,0,28,,1,0,0,0,1,1 5 14 30 57 97 150 216 293 374 454 527 583 619 633 619 583 527 454 374 293 216 150 97 57 30 14 5 1
104,1,4,5,1,1,1,2,1,1 1 1 1 1
105,1,1,2,1,1,1,2,1,1 1
105,1,2,4,1,1,1,2,1,1 0 1
106,0,1,2,1,1,1,2,1,1 1
106,0,2,3,1,1,1,2,1,1 1 1
106,0,4,5,1,1,1,2,1,1 1 1 1 1
106,0,14,,1,0,0,0,1,1 4 10 20 32 45 54 57 54 45 32 20 10 4 1
106,0,26,,1,1,1,2,1,1 2 4 8 9 12 14 11 15 12 13 13 13 13 13 13 13 12 15 11 14 12 9 8 4 2 1
107,0,2,3,1,1,1,2,1,1 1 1
107,0,12,,1,0,0,0,1,1 2 2 3 3 3 3 3 3 3 2 2 1
108,0,1,2,1,1,1,2,1,1 1
108,0,4,5,1,1,1,2,1,1 1 1 1 1
108,0,6,,1,0,0,0,1,1 2 2 3 2 2 1
109,0,1,2,1,1,1,2,1,1 1
109,0,2,4,1,2,1,2,1,1 0 1
109,0,2,3,1,1,1,2,1,1 1 1
109,0,4,5,2,1,1,2,1,1 1 1 1 1
109,0,30,,1,0,0,0,1,1 5 17 45 100 197 350 573 869 1234 1648 2080 2487 2822 3043 3119 3043 2822 2487 2080 1648 1234 869 573 350 197 100 45 17 5 1
109,0,52,,1,1,1,2,1,1 6 24 74 192 436 893 1676 2920 4768 7349 10754 15013 20073 25792 31953 38279 44470 50249 55389 59740 63242 65907 67814 69068 69770 69993 69770 69068 67814 65907 63242 59740 55389 50249 44470 38279 31953 25792 20073 15013 10754 7349 4768 2920 1676 893 436 192 74 24 6 1
110,1,1,2,1,1,1,2,1,1 1
111,1,1,2,1,1,1,2,1,1 1
111,1,2,4,1,1,1,2,1,1 0 1
111,1,6,7,1,1,1,2,1,1 1 1 1 1 1 1
112,1,1,2,1,1,1,2,1,1 1
112,1,2,4,1,1,1,2,1,1 0 1
112,1,2,3,1,1,1,2,1,1 1 1
113,0,1,2,1,1,1,2,1,1 1
113,0,2,4,1,1,1,2,1,1 0 1
113,0,10,,1,0,0,0,1,1 3 6 9 11 13 11 9 6 3 1
113,0,26,,1,1,1,2,1,1 4 8 12 15 17 18 19 18 18 18 19 18 18 18 19 18 18 18 19 18 17 15 12 8 4 1
114,0,1,2,1,1,1,2,1,1 1
114,0,2,4,1,1,1,2,1,1 0 1
114,0,2,3,1,1,1,2,1,1 1 1
114,0,10,,1,0,0,0,1,1 0 1 1 1 0 1 1 1 0 1
115,0,2,3,1,1,1,2,1,1 1 1
115,0,4,5,1,1,1,2,1,1 1 1 1 1
115,0,4,,1,0,0,0,1,1 2 1 2 1
116,0,1,2,1,1,1,2,1,1 1
116,0,4,5,1,1,1,2,1,1 1 1 1 1
116,0,12,,1,0,0,0,1,1 2 5 7 11 12 15 12 11 7 5 2 1
117,1,1,2,1,1,1,2,1,1 1
117,1,2,6,1,1,1,2,1,1 -1 1
117,1,2,4,1,1,1,2,1,1 0 1
117,1,2,3,1,1,1,2,1,1 1 1
117,1,4,5,1,1,1,2,1,1 1 1 1 1
118,0,1,2,1,1,1,2,1,1 1
118,0,2,6,1,1,1,3,1,1 -1 1
118,0,2,3,1,1,1,2,1,1 1 1
118,0,28,,1,0,0,0,1,1 3 9 20 38 64 99 140 188 238 287 329 362 382 389 382 362 329 287 238 188 140 99 64 38 20 9 3 1
119,1,10,11,1,1,1,2,1,1 1 1 1 1 1 1 1 1 1 1
