j,Delta_mod2
0,1
1,1
2,0
3,0
4,0
5,0
6,1
7,0
8,0
9,1
10,0
11,0
12,0
13,0
14,1
15,1
16,1
17,0
18,0
19,0
20,0
21,0
22,0
23,1
24,1
25,1
26,0
27,0
28,0
29,0
30,1
31,0
32,0
33,1
34,0
35,0
36,0
37,0
38,1
39,1
40,1
41,0
42,0
43,0
44,0
45,0
46,0
47,1
48,1
49,1
50,0
51,0
52,0
53,0
54,1
55,0
56,0
57,1
58,0
59,0
60,0
61,0
62,1
63,1
64,1
65,0
66,0
67,0
68,0
69,0
70,0
71,1
72,1
73,1
74,0
75,0
76,0
77,0
78,1
79,0
80,0
81,1
82,0
83,0
84,0
85,0
86,1
87,1
88,1
89,0
90,0
91,0
92,0
93,0
94,0
95,1
96,1
97,1
98,0
99,0
100,0
101,0
102,1
103,0
104,0
105,1
106,0
107,0
108,0
109,0
110,1
111,1
112,1
113,0
114,0
115,0
116,0
117,0
118,0
119,1
120,1
121,1
122,0
123,0
124,0
125,0
126,1
127,0
128,0
129,1
130,0
131,0
132,0
133,0
134,1
135,1
136,1
137,0
138,0
139,0
140,0
141,0
142,0
143,1
144,1
145,1
146,0
147,0
148,0
149,0
150,1
151,0
152,0
153,1
154,0
155,0
156,0
157,0
158,1
159,1
160,1
161,0
162,0
163,0
164,0
165,0
166,0
167,1
168,1
169,1
170,0
171,0
172,0
173,0
174,1
175,0
176,0
177,1
178,0
179,0
180,0
181,0
182,1
183,1
184,1
185,0
186,0
187,0
188,0
189,0
190,0
191,1
192,1
193,1
194,0
195,0
196,0
197,0
198,1
199,0
200,0
201,1
202,0
203,0
204,0
205,0
206,1
207,1
208,1
209,0
210,0
211,0
212,0
213,0
214,0
215,1
216,1
217,1
218,0
219,0
220,0
221,0
222,1
223,0
224,0
225,1
226,0
227,0
228,0
229,0
230,1
231,1
232,1
233,0
234,0
235,0
236,0
237,0
238,0
239,1
240,1
241,1
242,0
243,0
244,0
245,0
246,1
247,0
248,0
249,1
250,0
251,0
252,0
253,0
254,1
255,1
256,1
257,0
258,0
259,0
260,0
261,0
262,0
263,1
264,1
265,1
266,0
267,0
268,0
269,0
270,1
271,0
272,0
273,1
274,0
275,0
276,0
277,0
278,1
279,1
280,1
281,0
282,0
283,0
284,0
285,0
286,0
287,1
288,1
289,1
290,0
291,0
292,0
293,0
294,1
295,0
296,0
297,1
298,0
299,0
300,0
301,0
302,1
303,1
304,1
305,0
306,0
307,0
308,0
309,0
310,0
311,1
312,1
313,1
314,0
315,0
316,0
317,0
318,1
319,0
320,0
321,1
322,0
323,0
324,0
325,0
326,1
327,1
328,1
329,0
330,0
331,0
332,0
333,0
334,0
335,1
336,1
337,1
338,0
339,0
340,0
341,0
342,1
343,0
344,0
345,1
346,0
347,0
348,0
349,0
350,1
351,1
352,1
353,0
354,0
355,0
356,0
357,0
358,0
359,1
360,1
361,1
362,0
363,0
364,0
365,0
366,1
367,0
368,0
369,1
370,0
371,0
372,0
373,0
374,1
375,1
376,1
377,0
378,0
379,0
380,0
381,0
382,0
383,1
384,1
385,1
386,0
387,0
388,0
389,0
390,1
391,0
392,0
393,1
394,0
395,0
396,0
397,0
398,1
399,1
400,1
