D,a,b,beta_x,beta_negx,pred_max,pred_min,kind,tail,top_locked
2,-3,-2,-5,10,10,-5,infinite,6,119
2,-3,-5/4,-4,8,8,-4,infinite,6,119
2,-3,-1/2,-3,6,6,-3,infinite,6,120
2,-3,3/8,-1,3,3,-1,infinite,6,119
2,-3,9/8,0,2,2,0,infinite,6,119
2,-3,15/8,1,1,1,1,infinite,6,119
2,-23/8,-3/2,-4,275,275,-4,infinite,266,314
2,-23/8,-3/4,-3,18,18,-3,infinite,11,119
2,-23/8,1/8,-2,5,5,-2,infinite,6,119
2,-23/8,7/8,-1,3,3,-1,infinite,6,119
2,-23/8,13/8,0,2,2,0,infinite,7,120
2,-11/4,-7/4,-2,6,6,-2,infinite,6,119
2,-11/4,-1,1,5,5,1,infinite,7,119
2,-11/4,-1/4,5,4,5,4,infinite,6,119
2,-11/4,5/8,-1,8,8,-1,infinite,7,119
2,-11/4,11/8,0,5,5,0,infinite,7,120
2,-21/8,-2,-4,6,6,-4,infinite,6,119
2,-21/8,-5/4,-3,5,5,-3,infinite,6,119
2,-21/8,-1/2,-1,4,4,-1,infinite,6,119
2,-21/8,3/8,7,3,7,3,infinite,7,119
2,-21/8,9/8,27,2,27,2,infinite,27,119
2,-21/8,15/8,1,36,36,1,infinite,36,120
2,-5/2,-3/2,-4,6,6,-4,infinite,6,119
2,-5/2,-3/4,-3,5,5,-3,infinite,6,120
2,-5/2,1/8,0,3,3,0,infinite,6,119
2,-5/2,7/8,1,2,2,1,infinite,6,119
2,-5/2,13/8,3,1,3,1,infinite,6,119
2,-19/8,-7/4,-4,10,10,-4,infinite,6,119
2,-19/8,-1,-3,7,7,-3,infinite,6,119
2,-19/8,-1/4,-2,5,5,-2,infinite,6,119
2,-19/8,5/8,0,2,2,0,infinite,6,119
2,-19/8,11/8,1,1,1,1,infinite,6,120
2,-9/4,-2,6,6,6,6,infinite,6,119
2,-9/4,-5/4,51,5,51,5,infinite,51,119
2,-9/4,-1/2,-2,25,25,-2,infinite,20,121
2,-9/4,3/8,-1,4,4,-1,infinite,6,120
2,-9/4,9/8,0,2,2,0,infinite,6,120
2,-9/4,15/8,1,1,1,1,infinite,6,121
2,-17/8,-3/2,-1,5,5,-1,infinite,7,119
2,-17/8,-3/4,1,4,4,1,infinite,6,119
2,-17/8,1/8,-1,20,20,-1,infinite,17,119
2,-17/8,7/8,0,8,8,0,infinite,7,119
2,-17/8,13/8,1,4,4,1,infinite,6,120
2,-2,-7/4,-3,5,5,-3,infinite,6,119
2,-2,-1,-2,4,4,-2,infinite,6,119
2,-2,-1/4,-1,3,3,-1,infinite,6,119
2,-2,5/8,6,2,6,2,infinite,6,119
2,-2,11/8,17,1,17,1,infinite,17,119
2,-15/8,-2,-4,7,7,-4,infinite,6,119
2,-15/8,-5/4,-3,5,5,-3,infinite,6,119
2,-15/8,-1/2,-2,4,4,-2,infinite,6,119
2,-15/8,3/8,0,2,2,0,infinite,6,119
2,-15/8,9/8,2,1,2,1,infinite,6,119
2,-15/8,15/8,4,0,4,0,infinite,6,120
2,-7/4,-3/2,-3,10,10,-3,infinite,7,119
2,-7/4,-3/4,-2,7,7,-2,infinite,6,121
2,-7/4,1/8,-1,3,3,-1,infinite,7,120
2,-7/4,7/8,0,2,2,0,infinite,6,119
2,-7/4,13/8,2,0,2,0,infinite,6,120
2,-13/8,-7/4,5,5,5,5,infinite,6,119
2,-13/8,-1,21,4,21,4,infinite,21,119
2,-13/8,-1/4,-1,47,47,-1,infinite,44,119
2,-13/8,5/8,0,3,3,0,infinite,6,119
2,-13/8,11/8,1,2,2,1,infinite,7,120
2,-3/2,-2,-2,5,5,-2,infinite,8,121
2,-3/2,-5/4,-1,4,4,-1,infinite,6,119
2,-3/2,-1/2,1,3,3,1,infinite,6,119
2,-3/2,3/8,0,32,32,0,infinite,31,119
2,-3/2,9/8,1,9,9,1,infinite,9,120
2,-3/2,15/8,2,4,4,2,infinite,6,124
2,-11/8,-3/2,-2,4,4,-2,infinite,6,119
2,-11/8,-3/4,-1,3,3,-1,infinite,6,119
2,-11/8,1/8,3,2,3,2,infinite,6,119
2,-11/8,7/8,6,1,6,1,infinite,6,119
2,-11/8,13/8,13,0,13,0,infinite,12,120
2,-5/4,-7/4,-3,6,6,-3,infinite,6,120
2,-5/4,-1,-2,4,4,-2,infinite,6,119
2,-5/4,-1/4,-1,3,3,-1,infinite,6,119
2,-5/4,5/8,1,1,1,1,infinite,6,119
2,-5/4,11/8,3,0,3,0,infinite,6,120
2,-9/8,-2,-3,24,24,-3,infinite,17,119
2,-9/8,-5/4,-2,11,11,-2,infinite,6,119
2,-9/8,-1/2,-1,6,6,-1,infinite,6,119
2,-9/8,3/8,0,2,2,0,infinite,6,119
2,-9/8,9/8,1,1,1,1,infinite,6,120
2,-9/8,15/8,3,-1,3,-1,infinite,7,123
2,-1,-3/2,4,4,4,4,infinite,8,122
2,-1,-3/4,13,3,13,3,infinite,13,119
2,-1,1/8,0,5,5,0,infinite,6,119
2,-1,7/8,1,3,3,1,infinite,6,120
2,-1,13/8,2,1,2,1,infinite,7,121
2,-7/8,-7/4,-2,4,4,-2,infinite,6,119
2,-7/8,-1,0,3,3,0,infinite,6,119
2,-7/8,-1/4,2,2,2,2,infinite,6,119
2,-7/8,5/8,1,111,111,1,infinite,111,151
2,-7/8,11/8,2,12,12,2,infinite,12,121
2,-3/4,-2,-3,5,5,-3,infinite,6,119
2,-3/4,-5/4,-2,4,4,-2,infinite,6,119
2,-3/4,-1/2,0,2,2,0,infinite,6,119
2,-3/4,3/8,3,1,3,1,infinite,6,119
2,-3/4,9/8,6,0,6,0,infinite,6,121
2,-3/4,15/8,11,-1,11,-1,infinite,8,121
2,-5/8,-3/2,-2,5,5,-2,infinite,6,119
2,-5/8,-3/4,-1,4,4,-1,infinite,6,119
2,-5/8,1/8,1,1,1,1,infinite,6,119
2,-5/8,7/8,2,0,2,0,infinite,6,121
2,-5/8,13/8,4,-1,4,-1,infinite,6,121
2,-1/2,-7/4,-2,41,41,-2,infinite,36,119
2,-1/2,-1,-1,12,12,-1,infinite,9,119
2,-1/2,-1/4,0,6,6,0,infinite,6,120
2,-1/2,5/8,1,1,1,1,infinite,6,120
2,-1/2,11/8,2,0,2,0,infinite,6,121
2,-3/8,-2,0,4,4,0,infinite,6,119
2,-3/8,-5/4,4,3,4,3,infinite,9,119
2,-3/8,-1/2,10,2,10,2,infinite,10,119
2,-3/8,3/8,1,5,5,1,infinite,6,120
2,-3/8,9/8,2,2,2,2,infinite,6,121
2,-3/8,15/8,3,0,3,0,infinite,6,123
2,-1/4,-3/2,-1,3,3,-1,infinite,7,119
2,-1/4,-3/4,1,2,2,1,infinite,6,119
2,-1/4,1/8,12,1,12,1,infinite,12,119
2,-1/4,7/8,79,0,79,0,infinite,78,120
2,-1/4,13/8,3,17,17,3,infinite,17,123
2,-1/8,-7/4,-2,4,4,-2,infinite,6,119
2,-1/8,-1,-1,3,3,-1,infinite,6,121
2,-1/8,-1/4,1,1,1,1,infinite,6,119
2,-1/8,5/8,4,0,4,0,infinite,6,120
2,-1/8,11/8,6,-1,6,-1,infinite,6,121
2,0,-2,-2,7,7,-2,finite_looking,None,119
2,0,-5/4,-1,5,5,-1,infinite,6,121
2,0,-1/2,0,3,3,0,infinite,6,119
2,0,3/8,2,0,2,0,infinite,6,120
2,0,9/8,3,-1,3,-1,infinite,6,122
2,0,15/8,4,-2,4,-2,infinite,6,122
2,1/8,-3/2,-1,272,272,-1,infinite,269,311
2,1/8,-3/4,0,15,15,0,infinite,14,119
2,1/8,1/8,1,2,2,1,infinite,6,120
2,1/8,7/8,2,0,2,0,infinite,6,121
2,1/8,13/8,3,-1,3,-1,infinite,6,123
2,1/4,-7/4,1,3,3,1,infinite,6,119
2,1/4,-1,4,2,4,2,infinite,7,119
2,1/4,-1/4,8,1,8,1,infinite,8,119
2,1/4,5/8,2,5,5,2,infinite,6,121
2,1/4,11/8,3,2,3,2,infinite,8,125
2,3/8,-2,-1,3,3,-1,infinite,6,119
2,3/8,-5/4,0,2,2,0,infinite,6,119
2,3/8,-1/2,2,1,2,1,infinite,7,119
2,3/8,3/8,10,0,10,0,infinite,9,120
2,3/8,9/8,30,-1,30,-1,infinite,27,121
2,3/8,15/8,4,33,33,4,infinite,33,123
2,1/2,-3/2,-1,3,3,-1,infinite,6,120
2,1/2,-3/4,0,2,2,0,infinite,6,119
2,1/2,1/8,3,0,3,0,infinite,7,120
2,1/2,7/8,4,-1,4,-1,infinite,6,122
2,1/2,13/8,6,-2,6,-2,infinite,7,122
2,5/8,-7/4,-1,7,7,-1,infinite,6,119
2,5/8,-1,0,4,4,0,infinite,6,120
2,5/8,-1/4,1,2,2,1,infinite,6,120
2,5/8,5/8,3,-1,3,-1,infinite,7,121
2,5/8,11/8,4,-2,4,-2,infinite,6,122
2,3/4,-2,9,3,9,3,infinite,9,119
2,3/4,-5/4,54,2,54,2,infinite,54,119
2,3/4,-1/2,1,22,22,1,infinite,22,120
2,3/4,3/8,2,1,2,1,infinite,6,121
2,3/4,9/8,3,-1,3,-1,infinite,6,123
2,3/4,15/8,4,-2,4,-2,infinite,6,123
2,7/8,-3/2,2,2,2,2,infinite,6,121
2,7/8,-3/4,4,1,4,1,infinite,6,119
2,7/8,1/8,2,17,17,2,infinite,17,121
2,7/8,7/8,3,5,5,3,infinite,6,122
2,7/8,13/8,4,1,4,1,infinite,6,123
2,1,-7/4,0,2,2,0,infinite,6,119
2,1,-1,1,1,1,1,infinite,6,119
2,1,-1/4,2,0,2,0,infinite,6,121
2,1,5/8,9,-1,9,-1,infinite,6,122
2,1,11/8,20,-2,20,-2,infinite,15,122
2,9/8,-2,-1,4,4,-1,infinite,7,119
2,9/8,-5/4,0,2,2,0,infinite,6,119
2,9/8,-1/2,1,1,1,1,infinite,6,120
2,9/8,3/8,3,-1,3,-1,infinite,6,121
2,9/8,9/8,5,-2,5,-2,infinite,6,122
2,9/8,15/8,7,-3,7,-3,infinite,6,123
2,5/4,-3/2,0,7,7,0,infinite,6,120
2,5/4,-3/4,1,4,4,1,infinite,8,120
2,5/4,1/8,2,0,2,0,infinite,6,121
2,5/4,7/8,3,-1,3,-1,infinite,7,124
2,5/4,13/8,5,-3,5,-3,infinite,6,123
2,11/8,-7/4,8,2,8,2,infinite,8,119
2,11/8,-1,24,1,24,1,infinite,24,119
2,11/8,-1/4,2,44,44,2,infinite,44,121
2,11/8,5/8,3,0,3,0,infinite,6,122
2,11/8,11/8,4,-1,4,-1,infinite,6,124
2,3/2,-2,1,2,2,1,infinite,6,119
2,3/2,-5/4,2,1,2,1,infinite,6,120
2,3/2,-1/2,4,0,4,0,infinite,6,120
2,3/2,3/8,3,29,29,3,infinite,29,122
2,3/2,9/8,4,6,6,4,infinite,6,123
2,3/2,15/8,5,1,5,1,infinite,7,124
2,13/8,-3/2,1,1,1,1,infinite,6,119
2,13/8,-3/4,2,0,2,0,infinite,7,120
2,13/8,1/8,6,-1,6,-1,infinite,6,121
2,13/8,7/8,9,-2,9,-2,infinite,6,124
2,13/8,13/8,16,-3,16,-3,infinite,9,123
2,7/4,-7/4,0,3,3,0,infinite,6,120
2,7/4,-1,1,1,1,1,infinite,6,120
2,7/4,-1/4,2,0,2,0,infinite,6,121
2,7/4,5/8,4,-2,4,-2,infinite,6,122
2,7/4,11/8,6,-3,6,-3,infinite,6,125
2,15/8,-2,0,21,21,0,infinite,20,119
2,15/8,-5/4,1,8,8,1,infinite,8,120
2,15/8,-1/2,2,3,3,2,infinite,6,121
2,15/8,3/8,3,-1,3,-1,infinite,6,122
2,15/8,9/8,4,-2,4,-2,infinite,6,123
2,15/8,15/8,6,-4,6,-4,infinite,6,126
2,2,-3/2,7,1,7,1,infinite,7,119
2,2,-3/4,16,0,16,0,infinite,15,120
2,2,1/8,3,2,3,2,infinite,6,122
2,2,7/8,4,0,4,0,infinite,6,123
2,2,13/8,5,-2,5,-2,infinite,6,124
2,17/8,-7/4,1,1,1,1,infinite,6,119
2,17/8,-1,3,0,3,0,infinite,7,120
2,17/8,-1/4,5,-1,5,-1,infinite,7,121
2,17/8,5/8,4,108,108,4,infinite,108,151
2,17/8,11/8,5,9,9,5,infinite,9,124
2,9/4,-2,0,2,2,0,infinite,6,119
2,9/4,-5/4,1,1,1,1,infinite,6,120
2,9/4,-1/2,3,-1,3,-1,infinite,6,121
2,9/4,3/8,6,-2,6,-2,infinite,6,122
2,9/4,9/8,9,-3,9,-3,infinite,6,124
2,9/4,15/8,14,-4,14,-4,infinite,7,124
2,19/8,-3/2,1,2,2,1,infinite,6,120
2,19/8,-3/4,2,1,2,1,infinite,7,123
2,19/8,1/8,4,-2,4,-2,infinite,6,122
2,19/8,7/8,5,-3,5,-3,infinite,6,123
2,19/8,13/8,7,-4,7,-4,infinite,6,124
2,5/2,-7/4,1,38,38,1,infinite,38,120
2,5/2,-1,2,9,9,2,infinite,9,121
2,5/2,-1/4,3,3,3,3,infinite,6,122
2,5/2,5/8,4,-2,4,-2,infinite,6,123
2,5/2,11/8,5,-3,5,-3,infinite,6,124
2,21/8,-2,3,1,3,1,infinite,6,119
2,21/8,-5/4,7,0,7,0,infinite,6,120
2,21/8,-1/2,13,-1,13,-1,infinite,10,121
2,21/8,3/8,4,2,4,2,infinite,7,123
2,21/8,9/8,5,-1,5,-1,infinite,6,124
2,21/8,15/8,6,-3,6,-3,infinite,6,125
2,11/4,-3/2,2,0,2,0,infinite,6,120
2,11/4,-3/4,4,-1,4,-1,infinite,6,121
2,11/4,1/8,15,-2,15,-2,infinite,10,122
2,11/4,7/8,82,-3,82,-3,infinite,75,125
2,11/4,13/8,6,14,14,6,infinite,14,126
2,23/8,-7/4,1,1,1,1,infinite,6,120
2,23/8,-1,2,0,2,0,infinite,6,121
2,23/8,-1/4,4,-2,4,-2,infinite,6,122
2,23/8,5/8,7,-3,7,-3,infinite,6,123
2,23/8,11/8,9,-4,9,-4,infinite,6,124
2,3,-2,1,4,4,1,infinite,6,120
2,3,-5/4,2,2,2,2,infinite,6,124
2,3,-1/2,3,0,3,0,infinite,6,122
2,3,3/8,5,-3,5,-3,infinite,6,123
2,3,9/8,6,-4,6,-4,infinite,6,124
2,3,15/8,7,-5,7,-5,infinite,6,125
3,-3,-2,-5,7,7,-5,infinite,6,119
3,-3,-5/4,0,6,6,0,infinite,6,121
3,-3,-1/2,-3,10,10,-3,infinite,7,119
3,-3,3/8,-1,3,3,-1,infinite,6,120
3,-3,9/8,17,2,17,2,infinite,17,120
3,-3,15/8,1,3,3,1,infinite,6,120
3,-23/8,-3/2,-4,6,6,-4,infinite,6,119
3,-23/8,-3/4,0,5,5,0,infinite,6,119
3,-23/8,1/8,-2,4,4,-2,infinite,6,119
3,-23/8,7/8,0,2,2,0,infinite,6,119
3,-23/8,13/8,15,1,15,1,infinite,15,119
3,-11/4,-7/4,-5,9,9,-5,infinite,6,120
3,-11/4,-1,-3,5,5,-3,infinite,6,119
3,-11/4,-1/4,1,4,4,1,infinite,6,120
3,-11/4,5/8,-1,4,4,-1,infinite,6,119
3,-11/4,11/8,1,1,1,1,infinite,6,119
3,-21/8,-2,4,7,7,4,infinite,8,119
3,-21/8,-5/4,-4,8,8,-4,infinite,6,121
3,-21/8,-1/2,-2,4,4,-2,infinite,6,119
3,-21/8,3/8,-1,41,41,-1,infinite,38,119
3,-21/8,9/8,0,3,3,0,infinite,7,119
3,-21/8,15/8,2,0,2,0,infinite,6,120
3,-5/2,-3/2,4,6,6,4,infinite,9,123
3,-5/2,-3/4,-3,7,7,-3,infinite,6,119
3,-5/2,1/8,0,3,3,0,infinite,6,119
3,-5/2,7/8,0,64,64,0,infinite,63,119
3,-5/2,13/8,1,2,2,1,infinite,7,120
3,-19/8,-7/4,-4,6,6,-4,infinite,6,120
3,-19/8,-1,4,5,5,4,infinite,6,119
3,-19/8,-1/4,-2,7,7,-2,infinite,6,122
3,-19/8,5/8,1,2,2,1,infinite,6,119
3,-19/8,11/8,1,151,151,1,infinite,151,191
3,-9/4,-2,-5,8,8,-5,infinite,6,119
3,-9/4,-5/4,-3,5,5,-3,infinite,6,119
3,-9/4,-1/2,4,4,4,4,infinite,6,120
3,-9/4,3/8,-1,3,3,-1,infinite,6,120
3,-9/4,9/8,2,1,2,1,infinite,6,119
3,-9/4,15/8,415,0,415,0,infinite,414,455
3,-17/8,-3/2,-4,7,7,-4,infinite,6,119
3,-17/8,-3/4,-2,4,4,-2,infinite,6,119
3,-17/8,1/8,-1,11,11,-1,infinite,8,119
3,-17/8,7/8,0,2,2,0,infinite,6,119
3,-17/8,13/8,3,0,3,0,infinite,6,120
3,-2,-7/4,26,6,26,6,infinite,26,119
3,-2,-1,-3,6,6,-3,infinite,6,119
3,-2,-1/4,-1,3,3,-1,infinite,6,119
3,-2,5/8,0,12,12,0,infinite,11,119
3,-2,11/8,1,1,1,1,infinite,6,120
3,-15/8,-2,-4,6,6,-4,infinite,6,119
3,-15/8,-5/4,19,5,19,5,infinite,19,119
3,-15/8,-1/2,-2,5,5,-2,infinite,6,119
3,-15/8,3/8,2,2,2,2,infinite,6,121
3,-15/8,9/8,1,12,12,1,infinite,12,120
3,-15/8,15/8,2,0,2,0,infinite,6,121
3,-7/4,-3/2,-3,5,5,-3,infinite,6,119
3,-7/4,-3/4,16,4,16,4,infinite,16,119
3,-7/4,1/8,-1,3,3,-1,infinite,6,119
3,-7/4,7/8,3,1,3,1,infinite,7,119
3,-7/4,13/8,2,13,13,2,infinite,13,121
3,-13/8,-7/4,-4,6,6,-4,infinite,7,120
3,-13/8,-1,-2,4,4,-2,infinite,6,119
3,-13/8,-1/4,14,3,14,3,infinite,14,119
3,-13/8,5/8,0,2,2,0,infinite,6,119
3,-13/8,11/8,4,0,4,0,infinite,6,120
3,-3/2,-2,-4,31,31,-4,infinite,22,119
3,-3/2,-5/4,-3,5,5,-3,infinite,6,119
3,-3/2,-1/2,-1,3,3,-1,infinite,6,119
3,-3/2,3/8,0,6,6,0,infinite,6,120
3,-3/2,9/8,1,1,1,1,infinite,6,121
3,-3/2,15/8,4,-1,4,-1,infinite,6,121
3,-11/8,-3/2,-3,40,40,-3,infinite,33,119
3,-11/8,-3/4,-2,5,5,-2,infinite,6,119
3,-11/8,1/8,4,2,4,2,infinite,7,121
3,-11/8,7/8,1,6,6,1,infinite,6,120
3,-11/8,13/8,2,0,2,0,infinite,6,121
3,-5/4,-7/4,-2,5,5,-2,infinite,6,119
3,-5/4,-1,-2,57,57,-2,infinite,52,119
3,-5/4,-1/4,-1,4,4,-1,infinite,6,119
3,-5/4,5/8,4,1,4,1,infinite,6,119
3,-5/4,11/8,2,5,5,2,infinite,6,121
3,-9/8,-2,-4,6,6,-4,infinite,6,119
3,-9/8,-5/4,-1,4,4,-1,infinite,6,119
3,-9/8,-1/2,-1,112,112,-1,infinite,109,151
3,-9/8,3/8,1,1,1,1,infinite,6,119
3,-9/8,9/8,5,0,5,0,infinite,6,120
3,-9/8,15/8,3,5,5,3,infinite,6,126
3,-1,-3/2,-3,5,5,-3,infinite,6,119
3,-1,-3/4,0,3,3,0,infinite,6,119
3,-1,1/8,0,4,4,0,infinite,6,119
3,-1,7/8,2,0,2,0,infinite,6,120
3,-1,13/8,6,-1,6,-1,infinite,8,122
3,-7/8,-7/4,-3,13,13,-3,infinite,6,119
3,-7/8,-1,-2,4,4,-2,infinite,6,119
3,-7/8,-1/4,1,2,2,1,infinite,6,119
3,-7/8,5/8,1,3,3,1,infinite,6,120
3,-7/8,11/8,3,-1,3,-1,infinite,7,121
3,-3/4,-2,-1,5,5,-1,infinite,6,119
3,-3/4,-5/4,-2,13,13,-2,infinite,8,119
3,-3/4,-1/2,-1,3,3,-1,infinite,6,120
3,-3/4,3/8,8,1,8,1,infinite,8,119
3,-3/4,9/8,2,3,3,2,infinite,6,121
3,-3/4,15/8,3,-1,3,-1,infinite,7,122
3,-5/8,-3/2,0,4,4,0,infinite,6,119
3,-5/8,-3/4,-1,14,14,-1,infinite,11,120
3,-5/8,1/8,1,1,1,1,infinite,6,119
3,-5/8,7/8,9,0,9,0,infinite,8,120
3,-5/8,13/8,3,2,3,2,infinite,6,127
3,-1/2,-7/4,-3,5,5,-3,infinite,6,119
3,-1/2,-1,1,3,3,1,infinite,6,119
3,-1/2,-1/4,0,14,14,0,infinite,13,119
3,-1/2,5/8,2,0,2,0,infinite,6,120
3,-1/2,11/8,9,-1,9,-1,infinite,6,123
3,-3/8,-2,-3,9,9,-3,infinite,6,119
3,-3/8,-5/4,-2,4,4,-2,infinite,6,119
3,-3/8,-1/2,2,2,2,2,infinite,6,119
3,-3/8,3/8,1,2,2,1,infinite,6,120
3,-3/8,9/8,3,-1,3,-1,infinite,7,121
3,-3/8,15/8,9,-2,9,-2,infinite,9,122
3,-1/4,-3/2,-2,8,8,-2,infinite,6,119
3,-1/4,-3/4,-1,3,3,-1,infinite,6,119
3,-1/4,1/8,28,1,28,1,infinite,28,119
3,-1/4,7/8,2,1,2,1,infinite,6,121
3,-1/4,13/8,4,-2,4,-2,infinite,6,122
3,-1/8,-7/4,2,4,4,2,infinite,6,119
3,-1/8,-1,-1,7,7,-1,infinite,7,119
3,-1/8,-1/4,0,2,2,0,infinite,6,119
3,-1/8,5/8,23,0,23,0,infinite,22,120
3,-1/8,11/8,3,0,3,0,infinite,6,122
3,0,-2,-2,4,4,-2,finite_looking,None,119
3,0,-5/4,3,3,3,3,infinite,8,123
3,0,-1/2,0,7,7,0,infinite,6,119
3,0,3/8,2,0,2,0,infinite,6,120
3,0,9/8,20,-1,20,-1,infinite,17,121
3,0,15/8,4,0,4,0,infinite,7,123
3,1/8,-3/2,-1,3,3,-1,infinite,8,119
3,1/8,-3/4,3,2,3,2,infinite,6,119
3,1/8,1/8,1,1,1,1,infinite,6,120
3,1/8,7/8,3,-1,3,-1,infinite,6,121
3,1/8,13/8,18,-2,18,-2,infinite,13,122
3,1/4,-7/4,-2,6,6,-2,infinite,6,119
3,1/4,-1,0,2,2,0,infinite,6,119
3,1/4,-1/4,4,1,4,1,infinite,6,119
3,1/4,5/8,2,1,2,1,infinite,6,121
3,1/4,11/8,4,-2,4,-2,infinite,6,122
3,3/8,-2,7,4,7,4,infinite,7,119
3,3/8,-5/4,-1,5,5,-1,infinite,6,119
3,3/8,-1/2,1,1,1,1,infinite,6,119
3,3/8,3/8,2,38,38,2,infinite,38,121
3,3/8,9/8,3,0,3,0,infinite,6,122
3,3/8,15/8,5,-3,5,-3,infinite,6,123
3,1/2,-3/2,7,3,7,3,infinite,7,121
3,1/2,-3/4,0,4,4,0,infinite,6,119
3,1/2,1/8,3,0,3,0,infinite,6,120
3,1/2,7/8,3,61,61,3,infinite,61,122
3,1/2,13/8,4,-1,4,-1,infinite,6,123
3,5/8,-7/4,-1,3,3,-1,infinite,6,119
3,5/8,-1,7,2,7,2,infinite,7,119
3,5/8,-1/4,1,4,4,1,infinite,7,120
3,5/8,5/8,4,-1,4,-1,infinite,6,121
3,5/8,11/8,4,148,148,4,infinite,148,191
3,3/4,-2,-2,5,5,-2,infinite,6,119
3,3/4,-5/4,0,2,2,0,infinite,6,119
3,3/4,-1/2,7,1,7,1,infinite,7,119
3,3/4,3/8,2,0,2,0,infinite,6,121
3,3/4,9/8,5,-2,5,-2,infinite,6,122
3,3/4,15/8,418,-3,418,-3,infinite,411,461
3,7/8,-3/2,-1,4,4,-1,infinite,6,119
3,7/8,-3/4,1,1,1,1,infinite,6,119
3,7/8,1/8,2,8,8,2,infinite,8,121
3,7/8,7/8,3,-1,3,-1,infinite,6,122
3,7/8,13/8,6,-3,6,-3,infinite,6,123
3,1,-7/4,29,3,29,3,infinite,29,119
3,1,-1,0,3,3,0,infinite,6,119
3,1,-1/4,2,0,2,0,infinite,6,120
3,1,5/8,3,9,9,3,infinite,9,122
3,1,11/8,4,-2,4,-2,infinite,6,123
3,9/8,-2,-1,3,3,-1,infinite,6,119
3,9/8,-5/4,22,2,22,2,infinite,22,119
3,9/8,-1/2,1,2,2,1,infinite,6,120
3,9/8,3/8,5,-1,5,-1,infinite,6,123
3,9/8,9/8,4,9,9,4,infinite,9,123
3,9/8,15/8,5,-3,5,-3,infinite,6,124
3,5/4,-3/2,0,2,2,0,infinite,6,119
3,5/4,-3/4,19,1,19,1,infinite,19,119
3,5/4,1/8,2,0,2,0,infinite,7,121
3,5/4,7/8,6,-2,6,-2,infinite,6,122
3,5/4,13/8,5,10,10,5,infinite,10,124
3,11/8,-7/4,-1,3,3,-1,infinite,6,119
3,11/8,-1,1,1,1,1,infinite,6,119
3,11/8,-1/4,17,0,17,0,infinite,16,120
3,11/8,5/8,3,-1,3,-1,infinite,6,122
3,11/8,11/8,7,-3,7,-3,infinite,6,123
3,3/2,-2,-1,28,28,-1,infinite,25,119
3,3/2,-5/4,0,2,2,0,infinite,6,119
3,3/2,-1/2,2,0,2,0,infinite,6,121
3,3/2,3/8,3,3,3,3,infinite,7,123
3,3/2,9/8,4,-2,4,-2,infinite,6,124
3,3/2,15/8,7,-4,7,-4,infinite,6,124
3,13/8,-3/2,0,37,37,0,infinite,36,119
3,13/8,-3/4,1,2,2,1,infinite,7,120
3,13/8,1/8,7,-1,7,-1,infinite,6,121
3,13/8,7/8,4,3,4,3,infinite,11,125
3,13/8,13/8,5,-3,5,-3,infinite,6,124
3,7/4,-7/4,1,2,2,1,infinite,6,119
3,7/4,-1,1,54,54,1,infinite,54,120
3,7/4,-1/4,2,1,2,1,infinite,6,121
3,7/4,5/8,7,-2,7,-2,infinite,7,122
3,7/4,11/8,5,2,5,2,infinite,6,124
3,15/8,-2,-1,3,3,-1,infinite,6,119
3,15/8,-5/4,2,1,2,1,infinite,6,119
3,15/8,-1/2,2,109,109,2,infinite,109,150
3,15/8,3/8,4,-2,4,-2,infinite,6,122
3,15/8,9/8,8,-3,8,-3,infinite,7,123
3,15/8,15/8,6,2,6,2,infinite,8,126
3,2,-3/2,0,2,2,0,infinite,6,119
3,2,-3/4,3,0,3,0,infinite,6,120
3,2,1/8,3,1,3,1,infinite,6,122
3,2,7/8,5,-3,5,-3,infinite,6,123
3,2,13/8,9,-4,9,-4,infinite,6,124
3,17/8,-7/4,0,10,10,0,infinite,9,120
3,17/8,-1,1,1,1,1,infinite,6,120
3,17/8,-1/4,4,-1,4,-1,infinite,6,121
3,17/8,5/8,4,0,4,0,infinite,6,123
3,17/8,11/8,6,-4,6,-4,infinite,6,124
3,9/4,-2,2,2,2,2,infinite,6,119
3,9/4,-5/4,1,10,10,1,infinite,10,120
3,9/4,-1/2,2,0,2,0,infinite,6,121
3,9/4,3/8,11,-2,11,-2,infinite,6,122
3,9/4,9/8,5,0,5,0,infinite,6,124
3,9/4,15/8,6,-4,6,-4,infinite,6,125
3,19/8,-3/2,3,1,3,1,infinite,6,119
3,19/8,-3/4,2,11,11,2,infinite,11,121
3,19/8,1/8,4,-2,4,-2,infinite,6,122
3,19/8,7/8,12,-3,12,-3,infinite,7,123
3,19/8,13/8,6,-1,6,-1,infinite,6,125
3,5/2,-7/4,0,2,2,0,infinite,6,119
3,5/2,-1,4,0,4,0,infinite,6,120
3,5/2,-1/4,3,11,11,3,infinite,11,122
3,5/2,5/8,5,-3,5,-3,infinite,7,126
3,5/2,11/8,12,-4,12,-4,infinite,7,124
3,21/8,-2,0,6,6,0,infinite,6,119
3,21/8,-5/4,1,1,1,1,infinite,6,121
3,21/8,-1/2,5,-1,5,-1,infinite,6,121
3,21/8,3/8,4,-1,4,-1,infinite,6,123
3,21/8,9/8,6,-4,6,-4,infinite,6,124
3,21/8,15/8,12,-5,12,-5,infinite,6,126
3,11/4,-3/2,1,5,5,1,infinite,6,120
3,11/4,-3/4,2,0,2,0,infinite,6,121
3,11/4,1/8,31,-2,31,-2,infinite,26,122
3,11/4,7/8,5,-2,5,-2,infinite,6,124
3,11/4,13/8,7,-5,7,-5,infinite,6,125
3,23/8,-7/4,5,1,5,1,infinite,6,119
3,23/8,-1,2,4,4,2,infinite,6,121
3,23/8,-1/4,3,-1,3,-1,infinite,6,122
3,23/8,5/8,26,-3,26,-3,infinite,19,124
3,23/8,11/8,6,-3,6,-3,infinite,6,125
3,3,-2,1,1,1,1,infinite,6,119
3,3,-5/4,6,0,6,0,infinite,6,120
3,3,-1/2,3,4,4,3,infinite,6,122
3,3,3/8,5,-3,5,-3,infinite,6,123
3,3,9/8,23,-4,23,-4,infinite,14,124
3,3,15/8,7,-3,7,-3,infinite,6,126
5,-3,-2,-6,8,8,-6,infinite,6,119
5,-3,-5/4,-5,9,9,-5,infinite,6,126
5,-3,-1/2,3,5,5,3,infinite,6,119
5,-3,3/8,3,3,3,3,infinite,8,121
5,-3,9/8,1,1,1,1,infinite,6,119
5,-3,15/8,2,3,3,2,infinite,6,121
5,-23/8,-3/2,-3,7,7,-3,infinite,6,119
5,-23/8,-3/4,-4,6,6,-4,infinite,6,123
5,-23/8,1/8,-2,4,4,-2,infinite,6,120
5,-23/8,7/8,0,12,12,0,infinite,11,119
5,-23/8,13/8,4,0,4,0,infinite,6,120
5,-11/4,-7/4,-6,8,8,-6,infinite,7,119
5,-11/4,-1,-4,75,75,-4,infinite,66,119
5,-11/4,-1/4,-1,4,4,-1,infinite,6,119
5,-11/4,5/8,0,2,2,0,infinite,6,119
5,-11/4,11/8,1,2,2,1,infinite,7,120
5,-21/8,-2,2,8,8,2,infinite,6,119
5,-21/8,-5/4,-4,6,6,-4,infinite,6,119
5,-21/8,-1/2,-3,6,6,-3,infinite,6,119
5,-21/8,3/8,-1,5,5,-1,infinite,7,119
5,-21/8,9/8,8,1,8,1,infinite,8,120
5,-21/8,15/8,3,-1,3,-1,infinite,6,121
5,-5/2,-3/2,-5,11,11,-5,infinite,6,120
5,-5/2,-3/4,0,5,5,0,infinite,6,119
5,-5/2,1/8,1,3,3,1,infinite,6,120
5,-5/2,7/8,0,2,2,0,infinite,6,119
5,-5/2,13/8,2,5,5,2,infinite,6,121
5,-19/8,-7/4,-4,7,7,-4,infinite,6,120
5,-19/8,-1,-4,6,6,-4,infinite,6,120
5,-19/8,-1/4,-2,17,17,-2,infinite,12,119
5,-19/8,5/8,0,44,44,0,infinite,43,120
5,-19/8,11/8,3,0,3,0,infinite,6,120
5,-9/4,-2,-6,9,9,-6,infinite,6,119
5,-9/4,-5/4,16,6,16,6,infinite,16,122
5,-9/4,-1/2,-2,4,4,-2,infinite,6,120
5,-9/4,3/8,0,2,2,0,infinite,6,119
5,-9/4,9/8,1,2,2,1,infinite,6,120
5,-9/4,15/8,18,-1,18,-1,infinite,15,121
5,-17/8,-3/2,-4,6,6,-4,infinite,6,122
5,-17/8,-3/4,-3,8,8,-3,infinite,6,119
5,-17/8,1/8,-1,7,7,-1,infinite,6,119
5,-17/8,7/8,4,1,4,1,infinite,6,119
5,-17/8,13/8,3,-1,3,-1,infinite,7,121
5,-2,-7/4,-5,16,16,-5,infinite,7,127
5,-2,-1,-1,5,5,-1,infinite,6,119
5,-2,-1/4,-2,4,4,-2,infinite,6,119
5,-2,5/8,0,2,2,0,infinite,6,119
5,-2,11/8,2,11,11,2,infinite,11,121
5,-15/8,-2,-5,7,7,-5,infinite,6,119
5,-15/8,-5/4,-4,7,7,-4,infinite,6,119
5,-15/8,-1/2,-2,145,145,-2,infinite,140,184
5,-15/8,3/8,25,2,25,2,infinite,25,119
5,-15/8,9/8,2,0,2,0,infinite,6,120
5,-15/8,15/8,3,0,3,0,infinite,7,122
5,-7/4,-3/2,3,6,6,3,infinite,6,119
5,-7/4,-3/4,-2,4,4,-2,infinite,6,119
5,-7/4,1/8,0,2,2,0,infinite,6,119
5,-7/4,7/8,1,3,3,1,infinite,6,120
5,-7/4,13/8,9,-1,9,-1,infinite,6,121
5,-13/8,-7/4,-5,7,7,-5,infinite,6,119
5,-13/8,-1,-3,10,10,-3,infinite,6,119
5,-13/8,-1/4,2,3,3,2,infinite,7,119
5,-13/8,5/8,3,1,3,1,infinite,6,119
5,-13/8,11/8,2,0,2,0,infinite,7,121
5,-3/2,-2,-5,40,40,-5,infinite,6,119
5,-3/2,-5/4,-2,5,5,-2,infinite,6,121
5,-3/2,-1/2,-2,4,4,-2,infinite,6,119
5,-3/2,3/8,0,2,2,0,infinite,6,119
5,-3/2,9/8,2,62,62,2,infinite,62,121
5,-3/2,15/8,5,-2,5,-2,infinite,7,122
5,-11/8,-3/2,-4,7,7,-4,infinite,7,119
5,-11/8,-3/4,15,4,15,4,infinite,15,119
5,-11/8,1/8,8,2,8,2,infinite,8,119
5,-11/8,7/8,2,0,2,0,infinite,6,120
5,-11/8,13/8,3,0,3,0,infinite,6,122
5,-5/4,-7/4,0,6,6,0,infinite,6,119
5,-5/4,-1,-2,4,4,-2,infinite,6,119
5,-5/4,-1/4,-1,6,6,-1,infinite,6,119
5,-5/4,5/8,1,5,5,1,infinite,6,120
5,-5/4,11/8,6,-1,6,-1,infinite,8,121
5,-9/8,-2,-5,7,7,-5,infinite,7,119
5,-9/8,-5/4,-3,15,15,-3,infinite,8,119
5,-9/8,-1/2,1,3,3,1,infinite,6,119
5,-9/8,3/8,2,1,2,1,infinite,6,119
5,-9/8,9/8,2,0,2,0,infinite,6,121
5,-9/8,15/8,4,10,10,4,infinite,10,123
5,-1,-3/2,-3,5,5,-3,infinite,6,119
5,-1,-3/4,-2,5,5,-2,infinite,6,119
5,-1,1/8,0,3,3,0,infinite,6,119
5,-1,7/8,23,0,23,0,infinite,22,120
5,-1,13/8,4,-2,4,-2,infinite,6,122
5,-7/8,-7/4,-4,8,8,-4,infinite,6,119
5,-7/8,-1,5,4,5,4,infinite,6,119
5,-7/8,-1/4,0,2,2,0,infinite,6,122
5,-7/8,5/8,2,0,2,0,infinite,6,120
5,-7/8,11/8,3,2,3,2,infinite,8,122
5,-3/4,-2,-2,6,6,-2,infinite,6,119
5,-3/4,-5/4,-3,5,5,-3,infinite,7,119
5,-3/4,-1/2,-1,8,8,-1,infinite,6,119
5,-3/4,3/8,1,10,10,1,infinite,10,120
5,-3/4,9/8,5,-1,5,-1,infinite,6,124
5,-3/4,15/8,4,-2,4,-2,infinite,6,123
5,-5/8,-3/2,-3,50,50,-3,infinite,43,119
5,-5/8,-3/4,0,3,3,0,infinite,6,119
5,-5/8,1/8,1,1,1,1,infinite,6,119
5,-5/8,7/8,2,1,2,1,infinite,6,121
5,-5/8,13/8,4,112,112,4,infinite,112,155
5,-1/2,-7/4,-3,5,5,-3,infinite,6,120
5,-1/2,-1,-2,5,5,-2,infinite,6,119
5,-1/2,-1/4,14,2,14,2,infinite,14,119
5,-1/2,5/8,9,0,9,0,infinite,8,120
5,-1/2,11/8,4,-2,4,-2,infinite,6,122
5,-3/8,-2,-4,10,10,-4,infinite,6,119
5,-3/8,-5/4,1,4,4,1,infinite,6,119
5,-3/8,-1/2,0,2,2,0,infinite,6,119
5,-3/8,3/8,1,1,1,1,infinite,6,120
5,-3/8,9/8,3,4,4,3,infinite,9,122
5,-3/8,15/8,8,-3,8,-3,infinite,7,123
5,-1/4,-3/2,-3,5,5,-3,infinite,6,120
5,-1/4,-3/4,-1,14,14,-1,infinite,11,119
5,-1/4,1/8,1,32,32,1,infinite,32,120
5,-1/4,7/8,4,-1,4,-1,infinite,7,122
5,-1/4,13/8,4,-2,4,-2,infinite,6,123
5,-1/8,-7/4,21,5,21,5,infinite,21,119
5,-1/8,-1,-1,3,3,-1,infinite,6,120
5,-1/8,-1/4,0,3,3,0,infinite,7,119
5,-1/8,5/8,2,1,2,1,infinite,6,123
5,-1/8,11/8,21,-2,21,-2,infinite,16,122
5,0,-2,-3,5,5,-3,finite_looking,None,119
5,0,-5/4,-2,6,6,-2,infinite,7,120
5,0,-1/2,6,2,6,2,infinite,6,120
5,0,3/8,6,0,6,0,infinite,6,120
5,0,9/8,4,-2,4,-2,infinite,6,122
5,0,15/8,5,0,5,0,infinite,6,124
5,1/8,-3/2,0,4,4,0,infinite,6,119
5,1/8,-3/4,-1,3,3,-1,infinite,6,119
5,1/8,1/8,1,1,1,1,infinite,6,120
5,1/8,7/8,3,9,9,3,infinite,9,122
5,1/8,13/8,7,-3,7,-3,infinite,6,129
5,1/4,-7/4,-3,5,5,-3,infinite,6,119
5,1/4,-1,-1,72,72,-1,infinite,69,119
5,1/4,-1/4,2,1,2,1,infinite,6,119
5,1/4,5/8,3,-1,3,-1,infinite,6,121
5,1/4,11/8,4,-1,4,-1,infinite,6,123
5,3/8,-2,5,5,5,5,infinite,6,119
5,3/8,-5/4,-1,3,3,-1,infinite,6,119
5,3/8,-1/2,0,3,3,0,infinite,6,119
5,3/8,3/8,2,2,2,2,infinite,6,121
5,3/8,9/8,11,-2,11,-2,infinite,6,122
5,3/8,15/8,6,-4,6,-4,infinite,6,124
5,1/2,-3/2,-2,8,8,-2,infinite,8,119
5,1/2,-3/4,3,2,3,2,infinite,6,120
5,1/2,1/8,4,0,4,0,infinite,6,120
5,1/2,7/8,3,-1,3,-1,infinite,6,122
5,1/2,13/8,5,2,5,2,infinite,7,124
5,5/8,-7/4,-1,4,4,-1,infinite,6,121
5,5/8,-1,-1,3,3,-1,infinite,6,120
5,5/8,-1/4,1,14,14,1,infinite,14,120
5,5/8,5/8,3,41,41,3,infinite,41,122
5,5/8,11/8,6,-3,6,-3,infinite,6,123
5,3/4,-2,-3,6,6,-3,infinite,6,119
5,3/4,-5/4,19,3,19,3,infinite,19,119
5,3/4,-1/2,1,1,1,1,infinite,6,119
5,3/4,3/8,3,-1,3,-1,infinite,6,121
5,3/4,9/8,4,-1,4,-1,infinite,6,123
5,3/4,15/8,21,-4,21,-4,infinite,12,124
5,7/8,-3/2,-1,3,3,-1,infinite,7,119
5,7/8,-3/4,0,5,5,0,infinite,7,119
5,7/8,1/8,2,4,4,2,infinite,6,121
5,7/8,7/8,7,-2,7,-2,infinite,7,122
5,7/8,13/8,6,-4,6,-4,infinite,6,124
5,1,-7/4,-2,13,13,-2,infinite,8,120
5,1,-1,2,2,2,2,infinite,7,120
5,1,-1/4,1,1,1,1,infinite,6,120
5,1,5/8,3,-1,3,-1,infinite,6,122
5,1,11/8,5,8,8,5,infinite,8,124
5,9/8,-2,-2,4,4,-2,infinite,6,119
5,9/8,-5/4,-1,4,4,-1,infinite,6,120
5,9/8,-1/2,1,142,142,1,infinite,142,182
5,9/8,3/8,28,-1,28,-1,infinite,25,122
5,9/8,9/8,5,-3,5,-3,infinite,6,123
5,9/8,15/8,6,-3,6,-3,infinite,6,125
5,5/4,-3/2,6,3,6,3,infinite,6,119
5,5/4,-3/4,1,1,1,1,infinite,6,119
5,5/4,1/8,3,-1,3,-1,infinite,7,121
5,5/4,7/8,4,0,4,0,infinite,6,123
5,5/4,13/8,12,-4,12,-4,infinite,6,124
5,11/8,-7/4,-2,4,4,-2,infinite,7,119
5,11/8,-1,0,7,7,0,infinite,6,119
5,11/8,-1/4,5,0,5,0,infinite,6,121
5,11/8,5/8,6,-2,6,-2,infinite,6,122
5,11/8,11/8,5,-3,5,-3,infinite,6,124
5,3/2,-2,-2,37,37,-2,infinite,32,119
5,3/2,-5/4,1,2,2,1,infinite,6,119
5,3/2,-1/2,1,1,1,1,infinite,6,120
5,3/2,3/8,3,-1,3,-1,infinite,6,122
5,3/2,9/8,5,59,59,5,infinite,59,124
5,3/2,15/8,8,-5,8,-5,infinite,6,125
5,13/8,-3/2,-1,4,4,-1,infinite,6,120
5,13/8,-3/4,18,1,18,1,infinite,18,119
5,13/8,1/8,11,-1,11,-1,infinite,8,121
5,13/8,7/8,5,-3,5,-3,infinite,6,123
5,13/8,13/8,6,-3,6,-3,infinite,6,125
5,7/4,-7/4,3,3,3,3,infinite,8,119
5,7/4,-1,1,1,1,1,infinite,6,119
5,7/4,-1/4,2,3,3,2,infinite,6,121
5,7/4,5/8,4,2,4,2,infinite,6,123
5,7/4,11/8,9,-4,9,-4,infinite,6,124
5,15/8,-2,-2,4,4,-2,infinite,6,119
5,15/8,-5/4,0,12,12,0,infinite,11,119
5,15/8,-1/2,4,0,4,0,infinite,6,120
5,15/8,3/8,5,-2,5,-2,infinite,6,122
5,15/8,9/8,5,-3,5,-3,infinite,6,124
5,15/8,15/8,7,7,7,7,infinite,7,126
5,2,-3/2,0,2,2,0,infinite,6,119
5,2,-3/4,1,2,2,1,infinite,7,120
5,2,1/8,3,0,3,0,infinite,6,122
5,2,7/8,26,-3,26,-3,infinite,19,123
5,2,13/8,7,-5,7,-5,infinite,6,125
5,17/8,-7/4,-1,5,5,-1,infinite,6,119
5,17/8,-1,8,1,8,1,infinite,8,119
5,17/8,-1/4,3,-1,3,-1,infinite,7,121
5,17/8,5/8,5,-3,5,-3,infinite,6,123
5,17/8,11/8,6,-1,6,-1,infinite,9,126
5,9/4,-2,1,3,3,1,infinite,6,119
5,9/4,-5/4,0,2,2,0,infinite,6,119
5,9/4,-1/2,2,5,5,2,infinite,6,121
5,9/4,3/8,4,7,7,4,infinite,7,123
5,9/4,9/8,8,-4,8,-4,infinite,6,125
5,9/4,15/8,7,-5,7,-5,infinite,6,126
5,19/8,-3/2,0,47,47,0,infinite,46,119
5,19/8,-3/4,3,0,3,0,infinite,6,120
5,19/8,1/8,4,-2,4,-2,infinite,6,122
5,19/8,7/8,5,-2,5,-2,infinite,8,124
5,19/8,13/8,7,109,109,7,infinite,109,156
5,5/2,-7/4,0,2,2,0,infinite,6,119
5,5/2,-1,1,2,2,1,infinite,6,120
5,5/2,-1/4,17,-1,17,-1,infinite,14,121
5,5/2,5/8,12,-3,12,-3,infinite,6,123
5,5/2,11/8,7,-5,7,-5,infinite,6,125
5,21/8,-2,-1,7,7,-1,infinite,6,119
5,21/8,-5/4,4,1,4,1,infinite,6,119
5,21/8,-1/2,3,-1,3,-1,infinite,7,121
5,21/8,3/8,4,-2,4,-2,infinite,7,123
5,21/8,9/8,6,1,6,1,infinite,8,125
5,21/8,15/8,11,-6,11,-6,infinite,6,126
5,11/4,-3/2,0,2,2,0,infinite,6,119
5,11/4,-3/4,2,11,11,2,infinite,11,121
5,11/4,1/8,4,29,29,4,infinite,29,123
5,11/4,7/8,7,-4,7,-4,infinite,6,125
5,11/4,13/8,7,-5,7,-5,infinite,6,126
5,23/8,-7/4,24,2,24,2,infinite,24,119
5,23/8,-1,2,0,2,0,infinite,6,121
5,23/8,-1/4,3,0,3,0,infinite,7,127
5,23/8,5/8,5,-2,5,-2,infinite,6,124
5,23/8,11/8,24,-5,24,-5,infinite,6,126
5,3,-2,0,2,2,0,infinite,6,119
5,3,-5/4,1,3,3,1,infinite,6,120
5,3,-1/2,9,-1,9,-1,infinite,6,121
5,3,3/8,9,-3,9,-3,infinite,8,125
5,3,9/8,7,-5,7,-5,infinite,7,125
5,3,15/8,8,-3,8,-3,infinite,6,127
