"orbit_element","q","formula_value","predicted_value","abs_gap"
"i","0.5","(-7.752507687885163136566058e-202 + 1.414213562373095048801689j)","(0.0 + 1.414213562373095048801689j)","1.8077e-201"
"i","0.3","(-1.768987361636705822496678e-201 + 1.825741858350553711523233j)","(0.0 + 1.825741858350553711523233j)","3.71435e-201"
"i","0.1","(-5.232818843173577426202206e-201 + 3.162277660168379331998894j)","(0.0 + 3.162277660168379331998894j)","5.23282e-201"
"i","0.05","(-1.013954216611144904459356e-200 + 4.472135954999579392818347j)","(0.0 + 4.472135954999579392818347j)","1.20615e-200"
"i","0.01","(-3.767285737413851368952998e-200 + 10.0j)","(0.0 + 10.0j)","3.76729e-200"
"rho","0.5","(-1.0 + 1.732050807568877293527446j)","(-1.0 + 1.732050807568877293527446j)","5.16408e-201"
"rho","0.3","(-1.666666666666666666666667 + 2.886751345948128822545744j)","(-1.666666666666666666666667 + 2.886751345948128822545744j)","1.30642e-200"
"rho","0.1","(-5.0 + 8.660254037844386467637232j)","(-5.0 + 8.660254037844386467637232j)","2.61284e-200"
"rho","0.05","(-10.0 + 17.32050807568877293527446j)","(-10.0 + 17.32050807568877293527446j)","7.94664e-200"
"rho","0.01","(-50.0 + 86.60254037844386467637232j)","(-50.0 + 86.60254037844386467637232j)","5.45577e-199"
"i+1","0.5","(1.0 + 0.7071067811865475244008444j)","(1.0 + 0.7071067811865475244008444j)","1.63303e-201"
"i+1","0.3","(1.0 + 0.5477225575051661134569698j)","(1.0 + 0.5477225575051661134569698j)","1.82578e-201"
"i+1","0.1","(1.0 + 0.3162277660168379331998894j)","(1.0 + 0.3162277660168379331998894j)","1.47199e-201"
"i+1","0.05","(1.0 + 0.2236067977499789696409174j)","(1.0 + 0.2236067977499789696409174j)","2.19853e-201"
"i+1","0.01","(1.0 + 0.1j)","(1.0 + 0.1j)","3.53708e-201"
"S*i","0.5","(-7.752507687885163136566058e-202 + 1.414213562373095048801689j)","(0.0 + 1.414213562373095048801689j)","1.8077e-201"
"S*i","0.3","(-1.768987361636705822496678e-201 + 1.825741858350553711523233j)","(0.0 + 1.825741858350553711523233j)","3.71435e-201"
"S*i","0.1","(-5.232818843173577426202206e-201 + 3.162277660168379331998894j)","(0.0 + 3.162277660168379331998894j)","5.23282e-201"
"S*i","0.05","(-1.013954216611144904459356e-200 + 4.472135954999579392818347j)","(0.0 + 4.472135954999579392818347j)","1.65373e-200"
"S*i","0.01","(-3.767285737413851368952998e-200 + 10.0j)","(0.0 + 10.0j)","3.76729e-200"
"rho+1","0.5","(0.5 + 0.8660254037844386467637232j)","(0.5 + 0.8660254037844386467637232j)","2.44954e-201"
"rho+1","0.3","(0.5 + 0.8660254037844386467637232j)","(0.5 + 0.8660254037844386467637232j)","4.16341e-201"
"rho+1","0.1","(0.5 + 0.8660254037844386467637232j)","(0.5 + 0.8660254037844386467637232j)","2.44954e-201"
"rho+1","0.05","(0.5 + 0.8660254037844386467637232j)","(0.5 + 0.8660254037844386467637232j)","4.08256e-201"
"rho+1","0.01","(0.5 + 0.8660254037844386467637232j)","(0.5 + 0.8660254037844386467637232j)","6.58294e-201"
