d,x0,y0,is_finite
2,1,1,True
5,2,1,True
10,3,1,True
13,18,5,True
17,4,1,True
26,5,1,True
29,70,13,False
37,6,1,True
41,32,5,True
50,7,1,True
53,182,25,False
58,99,13,False
61,29718,3805,False
65,8,1,True
73,1068,125,False
74,43,5,True
82,9,1,True
85,378,41,False
89,500,53,False
97,5604,569,False
101,10,1,True
106,4005,389,False
109,8890182,851525,False
113,776,73,False
122,11,1,True
125,682,61,False
130,57,5,True
137,1744,149,False
145,12,1,True
149,113582,9305,False
157,4832118,385645,False
170,13,1,True
173,1118,85,False
181,1111225770,82596761,False
185,68,5,True
193,1764132,126985,False
197,14,1,True
202,3141,221,False
218,251,17,False
226,15,1,True
229,1710,113,False
233,23156,1517,False
241,71011068,4574225,False
250,4443,281,False
257,16,1,True
265,6072,373,False
269,82,5,True
274,1407,85,False
277,8920484118,535979945,False
281,1063532,63445,False
290,17,1,True
293,2482,145,False
298,409557,23725,False
313,126862368,7170685,False
314,443,25,False
317,352618,19805,False
325,18,1,True
337,1015827336,55335641,False
338,239,13,False
346,93,5,True
349,9210,493,False
353,71264,3793,False
362,19,1,True
365,3458,181,False
370,327,17,False
373,5118,265,False
389,1282,65,False
394,395023035,19900973,False
397,20478302982,1027776565,False
401,20,1,True
409,111921796968,5534176685,False
421,44042445696821418,2146497463530785,False
425,268,13,False
433,7230660684,347483377,False
442,21,1,True
445,4662,221,False
449,189471332,8941705,False
457,59089951584,2764111349,False
458,107,5,True
461,24314110,1132421,False
481,964140,43961,False
485,22,1,True
493,683982,30805,False
509,395727950,17540333,False
521,128377240,5624309,False
530,23,1,True
533,6118,265,False
538,69051,2977,False
541,1361516316469227450,58536158470221581,False
554,174293,7405,False
557,118,5,True
565,14752278,620633,False
569,2894863832,121359005,False
577,24,1,True
586,4115086707,169992665,False
593,600632,24665,False
601,139468303679532,5689030769845,False
610,71847,2909,False
613,481673579088618,19454612624065,False
617,41009716,1650989,False
626,25,1,True
629,7850,313,False
634,65999458125,2621173333,False
641,36120833468,1426687145,False
653,2291286382,89664965,False
661,2865454435422583218,111453260296346905,False
673,48813455293932,1881620424025,False
677,26,1,True
685,218623878,8353189,False
697,132,5,True
698,5099,193,False
701,11782,445,False
709,18245310,685217,False
730,27,1,True
733,9882,365,False
746,5534843,202645,False
754,20457,745,False
757,1369326,49769,False
761,800,29,False
769,16367374077549540,590222604844777,False
773,1343018,48305,False
778,54610269,1957873,False
785,28,1,True
794,30235,1073,False
797,24715982,875485,False
809,433852026040,15253424933,False
818,143,5,True
821,2121436703918,74038651465,False
829,15489282,537965,False
842,29,1,True
845,12238,421,False
853,10379165085018,355375843945,False
857,8118568,277325,False
865,348345108,11844089,False
877,241326,8149,False
881,106316171432,3581882825,False
901,30,1,True
914,5593,185,False
922,419288307,13808525,False
925,882,29,False
929,81317086468,2667927065,False
937,490226695010796,16015008052621,False
941,731069390,23832181,False
949,17458843558590,566738044393,False
953,2746864744,88979677,False
962,31,1,True
965,14942,481,False
970,328173,10537,False
977,7376748868,236003105,False
985,408,13,False
986,157,5,True
997,84906,2689,False
1009,540,17,False
1010,1303,41,False
1013,393166618,12352985,False
1018,87050499,2728333,False
1021,315217280372584882515030,9865001296666956406909,False
1025,32,1,True
1033,186860367596174196,5813893046024093,False
1037,2086882,64805,False
1042,807,25,False
1049,1536350825620,47435409493,False
1061,9241228697111530,283708289991521,False
1066,3434907,105205,False
1069,609477590160968572612782,18640986378417772615285,False
1073,45368,1385,False
1082,1262101,38369,False
1090,33,1,True
1093,18018,545,False
1097,21019276,634621,False
1105,28488,857,False
1109,610206001542610,18323595738617,False
1114,6111788103202293,183115747156745,False
1117,209639866907824541118,6272595595385543645,False
1129,168,5,True
1130,437,13,False
1138,348711,10337,False
1145,1252,37,False
1153,102475040023072656,3017890256875073,False
1157,34,1,True
1165,2959961778,86720773,False
1181,12243764736718,356278838045,False
1189,8476403117418,245821958945,False
1193,854992268,24753805,False
1201,249013832327465057144832,7185416856094423077385,False
1213,70600734,2027117,False
1217,27628256,791969,False
1226,35,1,True
1229,21490,613,False
1237,1083478144027661982,30805999591330265,False
1241,33995032,965005,False
1249,9235587034329029688240,261326400283096392593,False
1250,275807,7801,False
1258,114669,3233,False
1261,246622490957682,6945046160725,False
1277,144467948482,4042742285,False
1285,8776850757318,244842694225,False
1289,300125080421900,8359413933853,False
1297,36,1,True
1301,217318,6025,False
1306,311761210150515,8626815105389,False
1313,616,17,False
1321,53450926715396612796432,1470631386271961169925,False
1322,29851,821,False
1325,182,5,True
1354,13154959098165,357503394613,False
1361,13256618645260,359338458529,False
1370,37,1,True
1373,25382,685,False
1378,42801,1153,False
1381,214347434092377992503819770876282,5767949505076394676092612487905,False
1385,104092,2797,False
1402,930015700509,24837980029,False
1409,35462524420653380,944744019346217,False
1417,1640214636,43572829,False
1418,38899,1033,False
1429,3375918,89305,False
1433,5767329724,152353237,False
1445,38,1,True
1450,3881493,101933,False
1453,14325465250389344429699099982,375816573334545637714354805,False
1465,820726984932,21442721285,False
1466,153352043,4005185,False
1481,39232647265517468,1019459751361405,False
1489,99484332,2578145,False
1490,193,5,True
1493,6547100182,169441225,False
1514,50750707,1304305,False
1522,39,1,True
1525,29718,761,False
1546,43605,1109,False
1549,155091664786017897306106048533964770,3940603592440589186792668219155493,False
1553,91830104,2330233,False
1565,483682318,12226525,False
1570,11993673,302693,False
1585,398962243872,10021140809,False
1586,12943,325,False
1594,23414622020115,586466207477,False
1597,509760496584162107935182,12755976753725984792525,False
1601,40,1,True
1609,230477350888785807136105668,5745796381280420432166845,False
1613,1486,37,False
1618,1075479,26737,False
1621,56116404965454319198851772383057215250,1393793173905903098261469193463230841,False
1625,534568,13261,False
1637,85153927318,2104652225,False
1642,37744496576829,931466115401,False
1649,108845080,2680393,False
1657,10725887168686036632,263494752020635645,False
1658,43691,1073,False
1669,1081729001755127183954955210,26478312606527663088656177,False
1682,41,1,True
1685,34522,841,False
1693,1293685853230772118,31441289541598765,False
1697,11750866732,285252185,False
1706,482163035,11673589,False
1709,78344009189425309610,1895111474042579717,False
1714,207,5,True
1721,3173868090153260,76506518214341,False
1730,72913,1753,False
1733,2561436181640882,61529623622785,False
1741,316806538761300666428993400597450,7592673960857586911136411209269,False
1745,4052,97,False
1753,899930153468906528364,21494029751507325557,False
1754,206446329557,4929380825,False
1765,42,1,True
1769,124309532,2955565,False
1777,239430939991916369016,5679845947397126921,False
1781,4697282,111305,False
1789,82685210097091382538875044645767210,1954891525613264593215193418208253,False
1801,635085521081328025318961532468,14964952932154520840080376605,False
1810,228573297,5372621,False
1825,1068,25,False
1850,43,1,True
1853,39818,925,False
1861,1881190050,43607329,False
1865,243092,5629,False
1873,182545895297753752563475404,4217967054222495204679073,False
1877,2059544018,47537785,False
1882,3861,89,False
1889,4300062425132968,98937010028785,False
1898,2309,53,False
1901,218,5,True
1906,10705292457,245209385,False
1913,4748651845484,108570751717,False
1921,71388815998932,1628795259625,False
1930,8020227,182561,False
1933,268143549167208172282776882,6098898790460359344402565,False
1937,44,1,True
1949,83218,1885,False
1970,577,13,False
1973,88526,1993,False
1985,1907602928,42816161,False
1993,6911348232395343251232,154813605922550351605,False
1994,84198805,1885573,False
1997,384413533882,8602202005,False
2017,106515299132603184503844444,2371696115380807559791481,False
2026,45,1,True
2029,45630,1013,False
2042,2321107,51365,False
2050,2943,65,False
2053,11193912128830593631752403672482,247051456555228090946659082305,False
2069,6567170,144377,False
2074,1246879395,27379157,False
2081,4060,89,False
2089,4018318140,87917453,False
2113,31189508522399852302368,678513952720481289185,False
2117,46,1,True
2122,201554830358307,4375427790625,False
2125,123476065138818,2678571934021,False
2129,693860937639464847832,15037810507126585945,False
2137,1152621332834462080850809368,24933565795489475497866445,False
2138,21131,457,False
2141,437120560084723918,9446977923957565,False
2146,210236127543,4538292565,False
2153,232,5,True
2161,72790107317645621301516122280468,1565831322153656243947011679505,False
2165,247458022,5318297,False
2173,606,13,False
2186,11047458715,236285629,False
2197,86149711981264908618,1837971620798254505,False
2210,47,1,True
2213,51982,1105,False
2218,306679179,6511837,False
2221,5615331049782,119151931205,False
2234,1726627468307,36530621525,False
2237,993983040438563518,21015802691152685,False
2249,197140,4157,False
2257,49699491432,1046131225,False
2258,34831,733,False
2269,122519087946282,2572092051085,False
2273,618833632,12979985,False
2281,38611201941558710493130588671468,808445370637135345218841693805,False
2285,6826318,142805,False
2290,42483057,887765,False
2293,44704115075962513571096979373518,933566964054374671074594187945,False
2297,440130758627351632,9183351821115805,False
2305,48,1,True
2309,2697643107218,56140015265,False
2314,376264473957,7821887005,False
2330,6613,137,False
2333,21819558722870482,451740048139805,False
2341,8648611541418,178749849185,False
2357,25294,521,False
2362,243,5,True
2377,26940448820615587038280339176,552573732045165317517403349,False
2378,829,17,False
2381,75484224514275122210050582,1546950794978232497464885,False
2389,12376139172165997847649094782650519444842530,253207817312059057021841082272711737615897,False
2393,384224677924,7854416117,False
2402,49,1,True
2405,58898,1201,False
2417,2747666469471076,55888916317009,False
2425,703970372268,14295472357,False
2426,272318005,5528801,False
2437,4029435243053319667661118018,81623726048659056680451265,False
2441,505364258236201940,10228704529657181,False
2458,1785817715399383107,36020205616095845,False
2465,34208,689,False
2473,23212637625604024743609169212732,466780208292794695805842579405,False
2474,36938010685,742631993,False
2477,135420982,2720965,False
2482,3039,61,False
2501,50,1,True
2509,19244088053719248582,384190838835853205,False
2521,8861947355238964911710285309947236168,176499200680758894072067730693233165,False
2522,2059,41,False
2545,331428432,6569705,False
2549,224151017075679946624918,4439722195391129651705,False
2554,155907,3085,False
2557,1374059050182,27173152925,False
2561,2017197668,39860585,False
2570,13637,269,False
2581,160590,3161,False
2593,229004858046909225648456,4497212789358213431953,False
2602,51,1,True
2605,66402,1301,False
2609,9086344923575936068,177890263879757425,False
2617,8237172603765647563445064,161018695948237556165021,False
2621,109610,2141,False
2626,853725878985,16659849949,False
2633,244564763827409096,4766158224983893,False
2642,257,5,True
2657,330483173134016,6411410360401,False
2665,36959892,715949,False
2677,26940834882,520699145,False
2689,862192727512329086326851206953763536968,16626810773864917809139999584439677665,False
2690,211247,4073,False
2693,42912245882,826919185,False
2705,52,1,True
2713,4440121104,85245197,False
2725,8890182,170305,False
2729,694399187991246946840,13292523490892128613,False
2738,9369319,179057,False
2741,438092798714734732379818,8367805878652133891225,False
2746,5929138974993580991339925,113146562335697991571841,False
2749,809099319870391311636997134965418,15431724672847972570242853826845,False
2753,88410182591405718268,1684997193331473545,False
2762,11933481643,227067685,False
2770,152042193,2888845,False
2777,5744,109,False
2785,643803242728308,12199458671033,False
2789,41881315451967218,793041759742385,False
2797,1113574367094,21055860389,False
2801,6913411455711382480060,130627871554403600401,False
2810,53,1,True
2813,74518,1405,False
2825,1869156632,35167093,False
2833,8781735837623806825303104,164989794549889206839257,False
2834,905,17,False
2837,6451754,121129,False
2857,27748796244,519145421,False
2858,1132654789,21186853,False
2861,898338884358445159553170,16795048778046602165621,False
2873,268,5,True
2885,667498513682,12427317505,False
2890,6406803,119177,False
2897,5893683696868,109499611105,False
2906,564413122435,10470063061,False
2909,91917862541210459901334905718,1704229411580575318052791565,False
2917,54,1,True
2929,3606413569545598920,66637062253352137,False
2930,548927,10141,False
2941,175202370,3230669,False
2953,235856364224103722244902304,4340261295760914758202517,False
2957,106137016008518,1951826504885,False
2965,171079996829575436442,3141860401771280969,False
2969,16885599383463379958668,309892726112026452245,False
2977,1950986085406896,35757303002161,False
2986,121365,2221,False
3001,4758959166078874909404390921598306320,86871832084583873601621533570831549,False
3026,55,1,True
3029,83270,1513,False
3037,1006348625514413652019842018,18261063295668900784053085,False
3041,101333935702437060876068,1837581883045655029625,False
3049,35430670275765809983489042732648396596180,641653630983894845799886516985041024493,False
3050,5357,97,False
3061,7501003966915325475620068851198947387333727886305918,135577534004649595608478940148232618754255880773065,False
3065,95604128,1726877,False
3074,1122457,20245,False
3077,419282318,7558625,False
3085,147384419857347549222,2653529939520359861,False
3089,6689389081410197026019960,120358704037480100216953,False
3098,49896339893,896453945,False
3109,6211647661990218,111402888773665,False
3121,12605640,225641,False
3125,2360712083917682,42229701559561,False
3130,17708464557,316525525,False
3133,12007987538529798018,214530987128651245,False
3137,56,1,True
3145,1344783432,23979605,False
3161,2298668,40885,False
3169,1356309863832314455774566238208011624500,24093383896727483428141112399205123577,False
3170,6137,109,False
3181,282,5,True
3194,4420459935979675,78216792565273,False
3202,1641,29,False
3209,37274719969189347032,658005510878888885,False
3217,52726914523425161500370446879147776,929622930226573693769864204943641,False
3221,25101291418,442283465,False
3226,19370269996753830049557,341038565390233978825,False
3229,7841692535790582,137998951780205,False
3233,1065376,18737,False
3242,980539,17221,False
3250,57,1,True
3253,92682,1625,False
3257,416103175176838268,7291084818881285,False
3265,69193429690364472,1210941783807937,False
3274,702702048110161293,12280947698152505,False
3277,7999189502401825182,139735825449481925,False
3281,1432,25,False
3293,746,13,False
3301,1603542558740706870,27909864538036801,False
3313,1357511530935467298534271768858632,23584833210518822858645209158665,False
3314,1767145,30697,False
3329,22974395901623422122762860,398187115544992467645737,False
3338,3356579,58097,False
3341,12069218,208805,False
3349,8429250,145657,False
3361,4165174725868256674462569948586469441849832,71845400189696526470403056890448833947665,False
3365,58,1,True
3370,121320438963,2089868801,False
3373,198692934319156833882,3421166832068002085,False
3385,3821517641768256528,65683537180389629,False
3386,16656931043,286253965,False
3389,1006449034388556283194366510041410,17288447805026573987922255932653,False
3413,5854766,100217,False
3418,106450238288266194981,1820793141148151297,False
3425,21217760368,362551121,False
3433,25020107960231383801343748725376,427023993381948676807593764837,False
3434,293,5,True
3445,62088414318,1057830185,False
3449,644969555425236161468,10982282674448789285,False
3457,1637650851020522849287926034044,27852977315581083776164270121,False
3461,324511635262066270,5516066246024321,False
3466,8507161794641483352708114843,144500853868305131293944445,False
3469,185828707730346518310933715613258322027811520297717711550,3155082042870111774917040593132099363459416652485486373,False
3482,59,1,True
3485,102778,1741,False
3490,26682093297,451655377,False
3517,58508535176061417179982,986581667155691857165,False
3529,3700220526321720181261790506144849534392912180,62287626015190777003787994644838401930814013,False
3530,1723,29,False
3533,7236637382,121748885,False
3538,1039551,17477,False
3541,39828313154263863429980481536426697318,669312521368524302783493955292768425,False
3545,158912,2669,False
3554,775,13,False
3557,657165887180148098018,11018769011530050065,False
3562,1185455757,19862705,False
3578,2658525926021,44444777033,False
3581,5998464362629422638525410,100239276300213316147661,False
3589,125131474572456572071563582,2088718114702231756491905,False
3593,1961738141066432,32727469539925,False
3601,60,1,True
3613,150947406269929156866949086312204491014935018,2511259971124808643276314433099909110267245,False
3617,1645424962407413996,27359227280136601,False
3625,4015932,66701,False
3637,5682298358056070349597742280142166624518,94222013937065332196362636713236316665,False
3649,148614659763872563758468,2460224391190777317065,False
3653,1724900182,28539025,False
3665,226166692228,3735869153,False
3673,9186036417720922272500191284,151571552388695060249183797,False
3677,80112110258950882,1321147650748445,False
3697,62484532648618176876838279176770692884,1027656090785951926581378686588053009,False
3701,5906556316780661949082,97090068300965658265,False
3706,3957,65,False
3709,499469029315182,8201251823725,False
3722,61,1,True
3725,113582,1861,False
3730,41328642927,676700861,False
3733,285924418875549096996409218799973877618,4679745680929523667932037310136947865,False
3754,6057092849915730580682318057715,98859201191538868938108851713,False
3761,14020179897729457418584112032,228613524700100709768148745,False
3769,31742898455296319810461261444676464969032,517051153198032838369737780930235336285,False
3770,307,5,True
3785,1308817508,21273853,False
3793,666291399833930351806092646017876,10818642909512645144987707179617,False
3797,31118,505,False
3802,345443606671269,5602361167841,False
3809,790250987177140,12804409669817,False
3821,3792670730,61355941,False
3833,261507610291587813796,4223912591310181093,False
3845,62,1,True
3853,3957097806,63749573,False
3865,15159967211179776162408,243850422757323112429,False
3866,805453186951693,12954163655725,False
3869,15040582,241805,False
3874,40186386105,645652957,False
3877,15006,241,False
3881,39026956594671066849280,626459304546684054661,False
3889,2674223893055532,42882371327665,False
3890,4553,73,False
3898,3309,53,False
3917,35847033490475507482,572764952757494165,False
3922,4959623529,79194481,False
3925,4832118,77129,False
3929,4244384105687640159436267040,67713250966712601620081837,False
3946,97936319280108825843,1559068645568690705,False
3961,30956318281452373600800,491866089318428518621,False
3970,63,1,True
3973,125118,1985,False
3977,30392000596,481927261,False
3985,2284005934945063477128,36181208203535323321,False
3986,670807,10625,False
3989,1115700250844450,17665076095097,False
3994,408916839388226966951390276246157,6470397549647933907764628434765,False
4001,1409717240,22286801,False
4013,583202494,9206293,False
4021,261789723082170,4128436006841,False
4033,24323997707922974376,383019462789474113,False
4045,318,5,True
4049,38478152590707323336680,604700495089193315993,False
4057,13833399844287905529750976821544275850044,217183299242916279634890326216262815029,False
4058,536693,8425,False
4073,2184422186219192768,34227830589326245,False
4082,1460857,22865,False
4093,18008443854,281485037,False
4097,64,1,True
4106,273293,4265,False
4121,49245443320,767122541,False
4129,1543490618196745649235160051135883919346588932,24020472863889191534318386913393290031716825,False
4133,176986,2753,False
4138,603757498350340221,9385713524810297,False
4141,284839647896119154334566816718,4426371133735626085552123445,False
4153,978927886204995237379992467521844556,15190418349378359832517839447959173,False
4157,7180655467682,111371502125,False
4177,4705982784845200596839958307656,72814537696742108814167666009,False
4181,489181478614821790,7565365622404889,False
4201,2769671929650196669406297005338979393158336660780,42731878878430983047722050842457079024438077101,False
4210,155019807,2389165,False
4217,24841507818878476,382539382432741,False
4226,65,1,True
4229,137410,2113,False
4234,14224977682275,218613092017,False
4241,30618389973781211518873532,470162745703974776753345,False
4250,5984693,91801,False
4253,89755568161882,1376301898765,False
4261,493849011425474442917611131330913534583995157296610418,7565513692976193152924229576191347262650745668520785,False
4265,5632821579008,86251464389,False
4273,102814765256925009974440561376708232,1572856284250054995873985227611945,False
4274,1455593,22265,False
4282,14667598989315275691,224148427478728801,False
4285,40614099220800256909842,620442318886947655757,False
4289,2230562470014106565360,34059350954149342753,False
4297,63986853750790070065951916604,976130941913530064919424381,False
4306,4039378465204593,61557012315805,False
4325,1118,17,False
4330,8530654749387,129639819437,False
4337,664560680182216924126964,10091133016783998940241,False
4346,298307,4525,False
4349,4957713550601714470435159822092682,75177300432401039405161821480125,False
4357,66,1,True
4373,69943633563382,1057690129385,False
4385,3282581908,49571353,False
4394,5683289145565,85737284777,False
4397,1351054164228432118,20374855040380805,False
4409,332,5,True
4421,21830251582,328320865,False
4426,34585217284987959645297707115,519858086289147401962596901,False
4441,200313600,3005869,False
4442,2854745069189,42832956721,False
4457,11354854351444,170082742829,False
4469,1887096033897230,28228566508777,False
4474,29429769412938055904848296843,439986011811496573464841985,False
4481,46496952832,694603585,False
4490,67,1,True
4493,150482,2245,False
4498,412789671,6154873,False
4505,160348,2389,False
4513,1211863271384902709808968806227816,18039352976854747601706023124433,False
4514,142811015,2125597,False
4517,2873007635640982,42747599804065,False
4537,2898290622325279833504,43028632310010261821,False
4538,4731038731,70230257,False
4549,23848688700541923396737485434154175539249280730,353595342817093691995114363250290580182114993,False
4553,4218932,62525,False
4561,153928891764541814865493989260168616458272471770660,2279240254291199976853900349102881247377101172129,False
4570,193940637,2868869,False
4573,4886034,72253,False
4586,1693,25,False
4589,20244822088310890,298851152973797,False
4594,17902119422943,264124662125,False
4597,19479618,287305,False
4610,371057,5465,False
4618,810498920581698404571,11926842288270271037,False
4621,66275810926962471749921621284992735328620514698392932719617130,974960601474157485161355490292381318236449609672199561866709,False
4625,68,1,True
4637,2909235257863475182,42722857670352925,False
4649,2170275920,31829893,False
4657,316782208483227945266318285704186310032411656,4642027011546909868701707815998249106466921,False
4666,516285981923969818685975510376093,7558192801525484534768590401805,False
4673,176347543313882126152868,2579713779223979757385,False
4682,2017789,29489,False
4685,5818,85,False
4706,343,5,True
4709,693303090030182,10103196286625,False
4714,11312373593205212595,164762718982330097,False
4721,31741837309872686688568,461971369504176567625,False
4729,483172896470963040,7026157933195613,False
4733,168197518,2444845,False
4745,173932,2525,False
4754,135093175,1959313,False
4762,69,1,True
4765,164358,2381,False
4777,162715632,2354245,False
4778,4493,65,False
4789,13680425765958639967882896647445171603155994985932665971412209950,197686583265415641930508207302202018840458515588840824692125353,False
4793,1168821382390715296,16882798359183037,False
4801,6627745209804554803067680334214915055117200498168,95653298658644175706772503384950809146174582465,False
4813,67171832596474746,968231630344597,False
4817,93744432804868216,1350694596903961,False
4825,1764132,25397,False
4861,2400875555308037487552516911020715732459094175255031850,34435535365093666806977837826528338499500049881767421,False
4874,249863094808077995,3578980667078293,False
4877,163524508748960293618,2341566387645771845,False
4885,144072205684222518369342,2061331885061679836153,False
4889,282832,4045,False
4901,70,1,True
4909,2466282470514399232832795427842279088483034102699903793141068754718,35200294750655465466263253996080078977893573108486300076515407765,False
4913,1459639851109444,20824391977457,False
4925,11018,157,False
4933,1194,17,False
4937,73539318509451951395667268,1046617608991946937397565,False
4954,915,13,False
4957,18750849856390144788343679349280240090998949818,266324730888836455144311540330189608728393325,False
4969,28518095681746618101732667051010550790895343168,404562871738403858498178700712067553389336805,False
4973,46181898358018,654881242805,False
4985,2837481697568,40188378845,False
4993,319113674122716501362693861074075215215616,4516111243923731418710983804874774318657,False
5009,19425271786026179421847070432797420,274467918059139017587150815234817,False
5018,2621,37,False
5021,1511264299210,21327763309,False
5042,71,1,True
5045,179062,2521,False
5050,123954938307,1744287805,False
5065,31634087501444365934662008,444493676268463055914901,False
5077,830220424818,11651714425,False
5081,25651300,359861,False
5090,133057,1865,False
5098,357,5,True
5101,2719816819724124619551159733040372664335849827710,38081319968893806997562134652020942285407344501,False
5113,326138956246687557894364376596556926596,4561049448055548051888279354193031653,False
5114,1067083052245,14921684753,False
5122,34907007,487745,False
5153,267044921757578036070270244,3720096900128283835088473,False
5161,1631219180989460622108835320,22706248681919666395749029,False
5162,6107,85,False
5165,27631407778,384474773,False
5185,72,1,True
5189,4205520498949823283791759282,58381858883826251737595585,False
5197,2287436779974,31730195029,False
5209,38442229686776298704507299038139472199524333255318786820,532637072107989259990720779443014594911795082891071733,False
5210,4403,61,False
5213,23523482,325805,False
5233,2075945582968348417307659390304097735384,28697270918977139259302965754900025673,False
5234,9667865,133633,False
5237,23907274,330361,False
5242,8928057691942107,123312890998265,False
5245,75102,1037,False
5261,16610,229,False
5266,164655,2269,False
5273,944,13,False
5281,61767112149789660,849961419457561,False
5297,2984,41,False
5305,457188,6277,False
5309,224782,3085,False
5317,7572965892142985328399489882,103856257997719545354848305,False
5321,112834284894308468,1546836642473405,False
5330,73,1,True
5333,194618,2665,False
5353,331068,4525,False
5354,13185271157,180197965,False
5365,53959088682,736681465,False
5381,17470761803521292156365564690718,238166320161674016551884078145,False
5386,179378797648210805437059843,2444206721901933880317505,False
5389,7838064396222241767318,106771350378763683925,False
5393,15172041424170790616,206599282841988857,False
5410,133255219983,1811697137,False
5413,496967676251194670616438577397518098003012091624482,6754747647688129356143491393080451041319030133105,False
5417,368,5,True
5426,148302545,2013301,False
5429,1471663720409582,19973246547145,False
5437,96635006665319959114233214529449199982,1310553680565023443278533340234902285,False
5441,377323117208413277519460880879940,5115334647269086547683893290569,False
5449,270995315387840013330331195055286706815995564196432,3671160563992416512293252132378713608770331468725,False
5450,63253757,856817,False
5458,184424193,2496325,False
5465,133235722328,1802293837,False
5473,168516723438560856,2277877066865137,False
5477,74,1,True
5482,5223292713504808507102851291,70546398748014286809303301,False
5485,103336498293053604140905182,1395293030094573352283125,False
5498,1918144349,25868957,False
5501,3567649325113798627894217318,48101800993926286825197725,False
5521,313932,4225,False
5545,14087040265452,189177281677,False
5554,7506864236343,100729255465,False
5557,24349193334,326636249,False
5569,1815413184240064523317687721102346266072814418072102378146432,24326905954052143333902025050273691674394163694002945768225,False
5570,13807,185,False
5573,5657112814791959493518,75779252682646537345,False
5578,124607109,1668413,False
5581,1591448002921285721669644609653864080506196132514729546768235614664937082,21302787848384257639507413445739158081816509426237394770734794757169685,False
5585,812923772,10877729,False
5594,6371379860388816965,85186792721404273,False
5597,314281939458382,4200894462845,False
5617,49245448690456776,657073400988041,False
5618,10812186007,144252265,False
5626,75,1,True
5629,211050,2813,False
5641,11315278001633268843029599540873496013319183571569783968,150656258826990131844004069342167169293658826839736405,False
5653,292343095047421814969676020209474294021518,3888242543412506195282736623908693341145,False
5657,1351672493342575578813568,17971254172568974706125,False
5669,35487961630,471332977,False
5674,9422660445739779449473479493668229293,125091809692951067442926516968174705,False
5689,86253372806752664433096451787939574245290701420,1143557797720400778859828282917053835864354053,False
5693,1293355794407872751259952318,17141444670873152144905325,False
5701,27214772959053921533349924291646482858896496604985946582,360436857862824156968673207838589900191637720179459985,False
5713,459024,6073,False
5717,16597487651233875118,219511995658637305,False
5722,15507,205,False
5729,3429975546187060,45316004646137,False
5737,4188819849346946592475363099177112809644096396,55303072196460409518110054061413241235122221,False
5741,477837290,6306469,False
5749,67592056941060729546582,891455171283447481145,False
5765,189429526390678,2494870556273,False
5770,155144975763,2042442361,False
5777,76,1,True
5785,19268726628,253338581,False
5801,1454060951429757735412485334428968,19091109954877549377230611740005,False
5813,2453882,32185,False
5818,18139720245455070597243,237817454636315988185,False
5821,168522560394737232832218,2208814523224357854845,False
5825,49665019991132,650732728073,False
5834,6988382018084605,91494170720017,False
5837,382,5,True
5849,1878512131827779024589590901638733760,24562535392006969695493348216896493,False
5857,3237547716747644398104940159292104103844,42303720684058648676810515961897435129,False
5858,13241,173,False
5861,1937802254965317876699932452980891511250,25311832986903845282419152520376649329,False
5869,186141570567618152676414994804014570721897054097716350,2429748480440732746463699684115731298468044996905973,False
5881,137810920700389292841407684242946219172997620898017097624332,1797041243013587252509791534734510475648499999241257790885,False
5882,112357,1465,False
5897,936004007980989519896,12188833497269572981,False
5906,3772207,49085,False
5914,309221001961642067513165206707,4020946761649624627718144845,False
5930,77,1,True
5933,228382,2965,False
5941,3396043449454686506041870208718,44059895406126448670110410505,False
5953,2191482186077224796063519859669931836,28403378649002619330530716373912393,False
5954,2855,37,False
5965,12355031989941064842067194565818,159970038829555308458832741845,False
5981,157237561541617788883816190,2033149897374051288554461,False
5993,77839703392732,1005492958445,False
