d,n,x0,y0,conv_idx,cf_period_length
2,7,1,1,0,1
13,18,18,5,4,5
41,32,32,5,2,3
74,43,43,5,4,5
130,57,57,5,2,3
185,68,68,5,4,5
269,82,82,5,2,3
346,93,93,5,4,5
458,107,107,5,2,3
557,118,118,5,4,5
697,132,132,5,2,3
818,143,143,5,4,5
986,157,157,5,2,3
1129,168,168,5,4,5
1325,182,182,5,2,3
1490,193,193,5,4,5
1714,207,207,5,2,3
1901,218,218,5,4,5
2153,232,232,5,2,3
2362,243,243,5,4,5
2642,257,257,5,2,3
2873,268,268,5,4,5
3181,282,282,5,2,3
3434,293,293,5,4,5
3770,307,307,5,2,3
4045,318,318,5,4,5
4409,332,332,5,2,3
4706,343,343,5,4,5
5098,357,357,5,2,3
5417,368,368,5,4,5
5837,382,382,5,2,3
