a,b,x4_laurent_expression,oeis_a006720_value
-3,-3,"(x1*x3 + x2**2)/(q**3*x0)",2
-3,-2,"(q*x2**2 + x1*x3)/(q**3*x0)",2
-3,-1,"(q**2*x2**2 + x1*x3)/(q**3*x0)",2
-3,0,"(q**3*x2**2 + x1*x3)/(q**3*x0)",2
-3,1,"(q**4*x2**2 + x1*x3)/(q**3*x0)",2
-3,2,"(q**5*x2**2 + x1*x3)/(q**3*x0)",2
-3,3,"(q**6*x2**2 + x1*x3)/(q**3*x0)",2
-2,-3,"(q*x1*x3 + x2**2)/(q**3*x0)",2
-2,-2,"(x1*x3 + x2**2)/(q**2*x0)",2
-2,-1,"(q*x2**2 + x1*x3)/(q**2*x0)",2
-2,0,"(q**2*x2**2 + x1*x3)/(q**2*x0)",2
-2,1,"(q**3*x2**2 + x1*x3)/(q**2*x0)",2
-2,2,"(q**4*x2**2 + x1*x3)/(q**2*x0)",2
-2,3,"(q**5*x2**2 + x1*x3)/(q**2*x0)",2
-1,-3,"(q**2*x1*x3 + x2**2)/(q**3*x0)",2
-1,-2,"(q*x1*x3 + x2**2)/(q**2*x0)",2
-1,-1,"(x1*x3 + x2**2)/(q*x0)",2
-1,0,"(q*x2**2 + x1*x3)/(q*x0)",2
-1,1,"(q**2*x2**2 + x1*x3)/(q*x0)",2
-1,2,"(q**3*x2**2 + x1*x3)/(q*x0)",2
-1,3,"(q**4*x2**2 + x1*x3)/(q*x0)",2
0,-3,"(q**3*x1*x3 + x2**2)/(q**3*x0)",2
0,-2,"(q**2*x1*x3 + x2**2)/(q**2*x0)",2
0,-1,"(q*x1*x3 + x2**2)/(q*x0)",2
0,0,"(x1*x3 + x2**2)/x0",2
0,1,"(q*x2**2 + x1*x3)/x0",2
0,2,"(q**2*x2**2 + x1*x3)/x0",2
0,3,"(q**3*x2**2 + x1*x3)/x0",2
1,-3,"(q**4*x1*x3 + x2**2)/(q**3*x0)",2
1,-2,"(q**3*x1*x3 + x2**2)/(q**2*x0)",2
1,-1,"(q**2*x1*x3 + x2**2)/(q*x0)",2
1,0,"(q*x1*x3 + x2**2)/x0",2
1,1,"(q*x1*x3 + q*x2**2)/x0",2
1,2,"(q**2*x2**2 + q*x1*x3)/x0",2
1,3,"(q**3*x2**2 + q*x1*x3)/x0",2
2,-3,"(q**5*x1*x3 + x2**2)/(q**3*x0)",2
2,-2,"(q**4*x1*x3 + x2**2)/(q**2*x0)",2
2,-1,"(q**3*x1*x3 + x2**2)/(q*x0)",2
2,0,"(q**2*x1*x3 + x2**2)/x0",2
2,1,"(q**2*x1*x3 + q*x2**2)/x0",2
2,2,"(q**2*x1*x3 + q**2*x2**2)/x0",2
2,3,"(q**3*x2**2 + q**2*x1*x3)/x0",2
3,-3,"(q**6*x1*x3 + x2**2)/(q**3*x0)",2
3,-2,"(q**5*x1*x3 + x2**2)/(q**2*x0)",2
3,-1,"(q**4*x1*x3 + x2**2)/(q*x0)",2
3,0,"(q**3*x1*x3 + x2**2)/x0",2
3,1,"(q**3*x1*x3 + q*x2**2)/x0",2
3,2,"(q**3*x1*x3 + q**2*x2**2)/x0",2
3,3,"(q**3*x1*x3 + q**3*x2**2)/x0",2
