a,b,n,is_laurent,denom_degree,elapsed_s
-6,-6,4,True,1,0.02
-6,-5,4,True,1,0.02
-6,-4,4,True,1,0.02
-6,-3,4,True,1,0.03
-6,-2,4,True,1,0.03
-6,-1,4,True,1,0.03
-6,0,4,True,1,0.03
-6,1,4,True,1,0.03
-6,2,4,True,1,0.03
-6,3,4,True,1,0.04
-6,4,4,True,1,0.04
-6,5,4,True,1,0.04
-6,6,4,True,1,0.04
-5,-6,4,True,1,0.04
-5,-5,4,True,1,0.04
-5,-4,4,True,1,0.05
-5,-3,4,True,1,0.05
-5,-2,4,True,1,0.05
-5,-1,4,True,1,0.05
-5,0,4,True,1,0.05
-5,1,4,True,1,0.05
-5,2,4,True,1,0.05
-5,3,4,True,1,0.06
-5,4,4,True,1,0.06
-5,5,4,True,1,0.06
-5,6,4,True,1,0.06
-4,-6,4,True,1,0.06
-4,-5,4,True,1,0.06
-4,-4,4,True,1,0.07
-4,-3,4,True,1,0.07
-4,-2,4,True,1,0.07
-4,-1,4,True,1,0.07
-4,0,4,True,1,0.07
-4,1,4,True,1,0.07
-4,2,4,True,1,0.07
-4,3,4,True,1,0.08
-4,4,4,True,1,0.08
-4,5,4,True,1,0.08
-4,6,4,True,1,0.08
-3,-6,4,True,1,0.08
-3,-5,4,True,1,0.08
-3,-4,4,True,1,0.08
-3,-3,4,True,1,0.09
-3,-2,4,True,1,0.09
-3,-1,4,True,1,0.09
-3,0,4,True,1,0.09
-3,1,4,True,1,0.09
-3,2,4,True,1,0.09
-3,3,4,True,1,0.09
-3,4,4,True,1,0.10
-3,5,4,True,1,0.10
-3,6,4,True,1,0.10
-2,-6,4,True,1,0.10
-2,-5,4,True,1,0.10
-2,-4,4,True,1,0.10
-2,-3,4,True,1,0.10
-2,-2,4,True,1,0.11
-2,-1,4,True,1,0.11
-2,0,4,True,1,0.11
-2,1,4,True,1,0.11
-2,2,4,True,1,0.11
-2,3,4,True,1,0.11
-2,4,4,True,1,0.11
-2,5,4,True,1,0.11
-2,6,4,True,1,0.12
-1,-6,4,True,1,0.12
-1,-5,4,True,1,0.12
-1,-4,4,True,1,0.12
-1,-3,4,True,1,0.12
-1,-2,4,True,1,0.12
-1,-1,4,True,1,0.13
-1,0,4,True,1,0.13
-1,1,4,True,1,0.13
-1,2,4,True,1,0.13
-1,3,4,True,1,0.13
-1,4,4,True,1,0.13
-1,5,4,True,1,0.13
-1,6,4,True,1,0.14
0,-6,4,True,1,0.14
0,-5,4,True,1,0.14
0,-4,4,True,1,0.14
0,-3,4,True,1,0.14
0,-2,4,True,1,0.14
0,-1,4,True,1,0.14
0,0,4,True,1,0.14
0,1,4,True,1,0.15
0,2,4,True,1,0.15
0,3,4,True,1,0.15
0,4,4,True,1,0.15
0,5,4,True,1,0.15
0,6,4,True,1,0.15
1,-6,4,True,1,0.15
1,-5,4,True,1,0.15
1,-4,4,True,1,0.16
1,-3,4,True,1,0.16
1,-2,4,True,1,0.16
1,-1,4,True,1,0.16
1,0,4,True,1,0.16
1,1,4,True,1,0.16
1,2,4,True,1,0.16
1,3,4,True,1,0.16
1,4,4,True,1,0.17
1,5,4,True,1,0.17
1,6,4,True,1,0.17
2,-6,4,True,1,0.17
2,-5,4,True,1,0.17
2,-4,4,True,1,0.17
2,-3,4,True,1,0.17
2,-2,4,True,1,0.18
2,-1,4,True,1,0.18
2,0,4,True,1,0.18
2,1,4,True,1,0.18
2,2,4,True,1,0.18
2,3,4,True,1,0.18
2,4,4,True,1,0.19
2,5,4,True,1,0.19
2,6,4,True,1,0.19
3,-6,4,True,1,0.19
3,-5,4,True,1,0.19
3,-4,4,True,1,0.19
3,-3,4,True,1,0.19
3,-2,4,True,1,0.20
3,-1,4,True,1,0.20
3,0,4,True,1,0.20
3,1,4,True,1,0.20
3,2,4,True,1,0.20
3,3,4,True,1,0.20
3,4,4,True,1,0.20
3,5,4,True,1,0.21
3,6,4,True,1,0.21
4,-6,4,True,1,0.21
4,-5,4,True,1,0.21
4,-4,4,True,1,0.21
4,-3,4,True,1,0.21
4,-2,4,True,1,0.21
4,-1,4,True,1,0.22
4,0,4,True,1,0.22
4,1,4,True,1,0.22
4,2,4,True,1,0.22
4,3,4,True,1,0.22
4,4,4,True,1,0.22
4,5,4,True,1,0.22
4,6,4,True,1,0.23
5,-6,4,True,1,0.23
5,-5,4,True,1,0.23
5,-4,4,True,1,0.23
5,-3,4,True,1,0.23
5,-2,4,True,1,0.23
5,-1,4,True,1,0.23
5,0,4,True,1,0.24
5,1,4,True,1,0.24
5,2,4,True,1,0.24
5,3,4,True,1,0.24
5,4,4,True,1,0.24
5,5,4,True,1,0.24
5,6,4,True,1,0.24
6,-6,4,True,1,0.25
6,-5,4,True,1,0.25
6,-4,4,True,1,0.25
6,-3,4,True,1,0.25
6,-2,4,True,1,0.25
6,-1,4,True,1,0.25
6,0,4,True,1,0.25
6,1,4,True,1,0.26
6,2,4,True,1,0.26
6,3,4,True,1,0.26
6,4,4,True,1,0.26
6,5,4,True,1,0.26
6,6,4,True,1,0.26
-6,-6,5,True,2,0.27
-6,-5,5,True,2,0.27
-6,-4,5,True,2,0.28
-6,-3,5,True,2,0.28
-6,-2,5,True,2,0.28
-6,-1,5,True,2,0.29
-6,0,5,True,2,0.29
-6,1,5,True,2,0.29
-6,2,5,True,2,0.30
-6,3,5,True,2,0.30
-6,4,5,True,2,0.30
-6,5,5,True,2,0.31
-6,6,5,True,2,0.31
-5,-6,5,True,2,0.31
-5,-5,5,True,2,0.31
-5,-4,5,True,2,0.32
-5,-3,5,True,2,0.32
-5,-2,5,True,2,0.32
-5,-1,5,True,2,0.33
-5,0,5,True,2,0.33
-5,1,5,True,2,0.33
-5,2,5,True,2,0.33
-5,3,5,True,2,0.34
-5,4,5,True,2,0.34
-5,5,5,True,2,0.34
-5,6,5,True,2,0.35
-4,-6,5,True,2,0.35
-4,-5,5,True,2,0.35
-4,-4,5,True,2,0.35
-4,-3,5,True,2,0.36
-4,-2,5,True,2,0.36
-4,-1,5,True,2,0.36
-4,0,5,True,2,0.37
-4,1,5,True,2,0.37
-4,2,5,True,2,0.37
-4,3,5,True,2,0.37
-4,4,5,True,2,0.38
-4,5,5,True,2,0.38
-4,6,5,True,2,0.38
-3,-6,5,True,2,0.39
-3,-5,5,True,2,0.39
-3,-4,5,True,2,0.39
-3,-3,5,True,2,0.39
-3,-2,5,True,2,0.40
-3,-1,5,True,2,0.40
-3,0,5,True,2,0.40
-3,1,5,True,2,0.41
-3,2,5,True,2,0.41
-3,3,5,True,2,0.41
-3,4,5,True,2,0.41
-3,5,5,True,2,0.42
-3,6,5,True,2,0.42
-2,-6,5,True,2,0.42
-2,-5,5,True,2,0.43
-2,-4,5,True,2,0.43
-2,-3,5,True,2,0.43
-2,-2,5,True,2,0.43
-2,-1,5,True,2,0.44
-2,0,5,True,2,0.44
-2,1,5,True,2,0.44
-2,2,5,True,2,0.44
-2,3,5,True,2,0.45
-2,4,5,True,2,0.45
-2,5,5,True,2,0.45
-2,6,5,True,2,0.46
-1,-6,5,True,2,0.46
-1,-5,5,True,2,0.46
-1,-4,5,True,2,0.46
-1,-3,5,True,2,0.47
-1,-2,5,True,2,0.47
-1,-1,5,True,2,0.47
-1,0,5,True,2,0.48
-1,1,5,True,2,0.48
-1,2,5,True,2,0.48
-1,3,5,True,2,0.48
-1,4,5,True,2,0.49
-1,5,5,True,2,0.49
-1,6,5,True,2,0.49
0,-6,5,True,2,0.50
0,-5,5,True,2,0.50
0,-4,5,True,2,0.50
0,-3,5,True,2,0.50
0,-2,5,True,2,0.51
0,-1,5,True,2,0.51
0,0,5,True,2,0.51
0,1,5,True,2,0.51
0,2,5,True,2,0.52
0,3,5,True,2,0.52
0,4,5,True,2,0.52
0,5,5,True,2,0.52
0,6,5,True,2,0.53
1,-6,5,True,2,0.53
1,-5,5,True,2,0.53
1,-4,5,True,2,0.53
1,-3,5,True,2,0.54
1,-2,5,True,2,0.54
1,-1,5,True,2,0.54
1,0,5,True,2,0.54
1,1,5,True,2,0.55
1,2,5,True,2,0.55
1,3,5,True,2,0.55
1,4,5,True,2,0.56
1,5,5,True,2,0.56
1,6,5,True,2,0.56
2,-6,5,True,2,0.57
2,-5,5,True,2,0.57
2,-4,5,True,2,0.57
2,-3,5,True,2,0.58
2,-2,5,True,2,0.58
2,-1,5,True,2,0.58
2,0,5,True,2,0.58
2,1,5,True,2,0.59
2,2,5,True,2,0.59
2,3,5,True,2,0.59
2,4,5,True,2,0.60
2,5,5,True,2,0.60
2,6,5,True,2,0.60
3,-6,5,True,2,0.61
3,-5,5,True,2,0.61
3,-4,5,True,2,0.61
3,-3,5,True,2,0.61
3,-2,5,True,2,0.62
3,-1,5,True,2,0.62
3,0,5,True,2,0.62
3,1,5,True,2,0.63
3,2,5,True,2,0.63
3,3,5,True,2,0.63
3,4,5,True,2,0.64
3,5,5,True,2,0.64
3,6,5,True,2,0.64
4,-6,5,True,2,0.64
4,-5,5,True,2,0.65
4,-4,5,True,2,0.65
4,-3,5,True,2,0.65
4,-2,5,True,2,0.66
4,-1,5,True,2,0.66
4,0,5,True,2,0.66
4,1,5,True,2,0.67
4,2,5,True,2,0.67
4,3,5,True,2,0.67
4,4,5,True,2,0.67
4,5,5,True,2,0.68
4,6,5,True,2,0.68
5,-6,5,True,2,0.68
5,-5,5,True,2,0.69
5,-4,5,True,2,0.69
5,-3,5,True,2,0.69
5,-2,5,True,2,0.70
5,-1,5,True,2,0.70
5,0,5,True,2,0.70
5,1,5,True,2,0.70
5,2,5,True,2,0.71
5,3,5,True,2,0.71
5,4,5,True,2,0.71
5,5,5,True,2,0.72
5,6,5,True,2,0.72
6,-6,5,True,2,0.72
6,-5,5,True,2,0.73
6,-4,5,True,2,0.73
6,-3,5,True,2,0.73
6,-2,5,True,2,0.73
6,-1,5,True,2,0.74
6,0,5,True,2,0.74
6,1,5,True,2,0.74
6,2,5,True,2,0.75
6,3,5,True,2,0.75
6,4,5,True,2,0.75
6,5,5,True,2,0.76
6,6,5,True,2,0.76
-6,-6,6,True,4,0.77
-6,-5,6,True,4,0.78
-6,-4,6,True,4,0.78
-6,-3,6,True,4,0.79
-6,-2,6,True,4,0.80
-6,-1,6,True,4,0.81
-6,0,6,True,4,0.81
-6,1,6,True,4,0.82
-6,2,6,True,4,0.83
-6,3,6,True,4,0.83
-6,4,6,True,4,0.84
-6,5,6,True,4,0.85
-6,6,6,True,4,0.86
-5,-6,6,True,4,0.86
-5,-5,6,True,4,0.87
-5,-4,6,True,4,0.88
-5,-3,6,True,4,0.88
-5,-2,6,True,4,0.89
-5,-1,6,True,4,0.89
-5,0,6,True,4,0.90
-5,1,6,True,4,0.91
-5,2,6,True,4,0.92
-5,3,6,True,4,0.92
-5,4,6,True,4,0.93
-5,5,6,True,4,0.94
-5,6,6,True,4,0.94
-4,-6,6,True,4,0.95
-4,-5,6,True,4,0.96
-4,-4,6,True,4,0.96
-4,-3,6,True,4,0.97
-4,-2,6,True,4,0.97
-4,-1,6,True,4,0.98
-4,0,6,True,4,0.99
-4,1,6,True,4,0.99
-4,2,6,True,4,1.00
-4,3,6,True,4,1.01
-4,4,6,True,4,1.01
-4,5,6,True,4,1.02
-4,6,6,True,4,1.02
-3,-6,6,True,4,1.03
-3,-5,6,True,4,1.04
-3,-4,6,True,4,1.04
-3,-3,6,True,4,1.05
-3,-2,6,True,4,1.05
-3,-1,6,True,4,1.06
-3,0,6,True,4,1.07
-3,1,6,True,4,1.07
-3,2,6,True,4,1.08
-3,3,6,True,4,1.09
-3,4,6,True,4,1.09
-3,5,6,True,4,1.10
-3,6,6,True,4,1.10
-2,-6,6,True,4,1.11
-2,-5,6,True,4,1.12
-2,-4,6,True,4,1.12
-2,-3,6,True,4,1.13
-2,-2,6,True,4,1.13
-2,-1,6,True,4,1.14
-2,0,6,True,4,1.15
-2,1,6,True,4,1.15
-2,2,6,True,4,1.16
-2,3,6,True,4,1.17
-2,4,6,True,4,1.17
-2,5,6,True,4,1.18
-2,6,6,True,4,1.18
-1,-6,6,True,4,1.19
-1,-5,6,True,4,1.20
-1,-4,6,True,4,1.20
-1,-3,6,True,4,1.21
-1,-2,6,True,4,1.22
-1,-1,6,True,4,1.22
-1,0,6,True,4,1.23
-1,1,6,True,4,1.23
-1,2,6,True,4,1.24
-1,3,6,True,4,1.25
-1,4,6,True,4,1.25
-1,5,6,True,4,1.26
-1,6,6,True,4,1.27
0,-6,6,True,4,1.27
0,-5,6,True,4,1.28
0,-4,6,True,4,1.28
0,-3,6,True,4,1.29
0,-2,6,True,4,1.30
0,-1,6,True,4,1.30
0,0,6,True,4,1.31
0,1,6,True,4,1.31
0,2,6,True,4,1.32
0,3,6,True,4,1.33
0,4,6,True,4,1.33
0,5,6,True,4,1.34
0,6,6,True,4,1.34
1,-6,6,True,4,1.35
1,-5,6,True,4,1.36
1,-4,6,True,4,1.36
1,-3,6,True,4,1.37
1,-2,6,True,4,1.38
1,-1,6,True,4,1.38
1,0,6,True,4,1.39
1,1,6,True,4,1.40
1,2,6,True,4,1.41
1,3,6,True,4,1.42
1,4,6,True,4,1.42
1,5,6,True,4,1.43
1,6,6,True,4,1.44
2,-6,6,True,4,1.45
2,-5,6,True,4,1.45
2,-4,6,True,4,1.46
2,-3,6,True,4,1.46
2,-2,6,True,4,1.47
2,-1,6,True,4,1.48
2,0,6,True,4,1.48
2,1,6,True,4,1.49
2,2,6,True,4,1.50
2,3,6,True,4,1.50
2,4,6,True,4,1.51
2,5,6,True,4,1.52
2,6,6,True,4,1.53
3,-6,6,True,4,1.53
3,-5,6,True,4,1.54
3,-4,6,True,4,1.54
3,-3,6,True,4,1.55
3,-2,6,True,4,1.56
3,-1,6,True,4,1.56
3,0,6,True,4,1.57
3,1,6,True,4,1.58
3,2,6,True,4,1.58
3,3,6,True,4,1.59
3,4,6,True,4,1.60
3,5,6,True,4,1.61
3,6,6,True,4,1.61
4,-6,6,True,4,1.62
4,-5,6,True,4,1.63
4,-4,6,True,4,1.63
4,-3,6,True,4,1.64
4,-2,6,True,4,1.65
4,-1,6,True,4,1.65
4,0,6,True,4,1.66
4,1,6,True,4,1.67
4,2,6,True,4,1.67
4,3,6,True,4,1.68
4,4,6,True,4,1.69
4,5,6,True,4,1.69
4,6,6,True,4,1.70
5,-6,6,True,4,1.71
5,-5,6,True,4,1.71
5,-4,6,True,4,1.72
5,-3,6,True,4,1.73
5,-2,6,True,4,1.73
5,-1,6,True,4,1.74
5,0,6,True,4,1.75
5,1,6,True,4,1.75
5,2,6,True,4,1.76
5,3,6,True,4,1.77
5,4,6,True,4,1.78
5,5,6,True,4,1.78
5,6,6,True,4,1.79
6,-6,6,True,4,1.80
6,-5,6,True,4,1.80
6,-4,6,True,4,1.81
6,-3,6,True,4,1.82
6,-2,6,True,4,1.82
6,-1,6,True,4,1.83
6,0,6,True,4,1.84
6,1,6,True,4,1.84
6,2,6,True,4,1.85
6,3,6,True,4,1.86
6,4,6,True,4,1.86
6,5,6,True,4,1.87
6,6,6,True,4,1.88
-6,-6,7,True,7,1.91
-6,-5,7,True,7,1.92
-6,-4,7,True,7,1.93
-6,-3,7,True,7,1.95
-6,-2,7,True,7,1.96
-6,-1,7,True,7,1.99
-6,0,7,True,7,2.00
-6,1,7,True,7,2.02
-6,2,7,True,7,2.03
-6,3,7,True,7,2.05
-6,4,7,True,7,2.06
-6,5,7,True,7,2.08
-6,6,7,True,7,2.09
-5,-6,7,True,7,2.10
-5,-5,7,True,7,2.12
-5,-4,7,True,7,2.13
-5,-3,7,True,7,2.14
-5,-2,7,True,7,2.16
-5,-1,7,True,7,2.17
-5,0,7,True,7,2.18
-5,1,7,True,7,2.19
-5,2,7,True,7,2.21
-5,3,7,True,7,2.22
-5,4,7,True,7,2.24
-5,5,7,True,7,2.25
-5,6,7,True,7,2.26
-4,-6,7,True,7,2.28
-4,-5,7,True,7,2.29
-4,-4,7,True,7,2.30
-4,-3,7,True,7,2.32
-4,-2,7,True,7,2.33
-4,-1,7,True,7,2.34
-4,0,7,True,7,2.36
-4,1,7,True,7,2.37
-4,2,7,True,7,2.38
-4,3,7,True,7,2.40
-4,4,7,True,7,2.41
-4,5,7,True,7,2.43
-4,6,7,True,7,2.44
-3,-6,7,True,7,2.45
-3,-5,7,True,7,2.47
-3,-4,7,True,7,2.48
-3,-3,7,True,7,2.49
-3,-2,7,True,7,2.51
-3,-1,7,True,7,2.52
-3,0,7,True,7,2.53
-3,1,7,True,7,2.55
-3,2,7,True,7,2.56
-3,3,7,True,7,2.57
-3,4,7,True,7,2.59
-3,5,7,True,7,2.60
-3,6,7,True,7,2.61
-2,-6,7,True,7,2.63
-2,-5,7,True,7,2.64
-2,-4,7,True,7,2.65
-2,-3,7,True,7,2.67
-2,-2,7,True,7,2.68
-2,-1,7,True,7,2.69
-2,0,7,True,7,2.70
-2,1,7,True,7,2.72
-2,2,7,True,7,2.73
-2,3,7,True,7,2.74
-2,4,7,True,7,2.76
-2,5,7,True,7,2.77
-2,6,7,True,7,2.79
-1,-6,7,True,7,2.80
-1,-5,7,True,7,2.81
-1,-4,7,True,7,2.83
-1,-3,7,True,7,2.84
-1,-2,7,True,7,2.85
-1,-1,7,True,7,2.87
-1,0,7,True,7,2.88
-1,1,7,True,7,2.89
-1,2,7,True,7,2.90
-1,3,7,True,7,2.92
-1,4,7,True,7,2.93
-1,5,7,True,7,2.94
-1,6,7,True,7,2.96
0,-6,7,True,7,2.97
0,-5,7,True,7,2.99
0,-4,7,True,7,3.00
0,-3,7,True,7,3.01
0,-2,7,True,7,3.03
0,-1,7,True,7,3.04
0,0,7,True,7,3.05
0,1,7,True,7,3.06
0,2,7,True,7,3.08
0,3,7,True,7,3.09
0,4,7,True,7,3.10
0,5,7,True,7,3.12
0,6,7,True,7,3.13
1,-6,7,True,7,3.15
1,-5,7,True,7,3.16
1,-4,7,True,7,3.17
1,-3,7,True,7,3.19
1,-2,7,True,7,3.20
1,-1,7,True,7,3.21
1,0,7,True,7,3.23
1,1,7,True,7,3.24
1,2,7,True,7,3.26
1,3,7,True,7,3.27
1,4,7,True,7,3.29
1,5,7,True,7,3.30
1,6,7,True,7,3.32
2,-6,7,True,7,3.33
2,-5,7,True,7,3.35
2,-4,7,True,7,3.36
2,-3,7,True,7,3.38
2,-2,7,True,7,3.39
2,-1,7,True,7,3.40
2,0,7,True,7,3.41
2,1,7,True,7,3.43
2,2,7,True,7,3.44
2,3,7,True,7,3.46
2,4,7,True,7,3.48
2,5,7,True,7,3.50
2,6,7,True,7,3.51
3,-6,7,True,7,3.53
3,-5,7,True,7,3.54
3,-4,7,True,7,3.56
3,-3,7,True,7,3.57
3,-2,7,True,7,3.58
3,-1,7,True,7,3.60
3,0,7,True,7,3.61
3,1,7,True,7,3.62
3,2,7,True,7,3.64
3,3,7,True,7,3.65
3,4,7,True,7,3.67
3,5,7,True,7,3.68
3,6,7,True,7,3.70
4,-6,7,True,7,3.71
4,-5,7,True,7,3.73
4,-4,7,True,7,3.74
4,-3,7,True,7,3.75
4,-2,7,True,7,3.77
4,-1,7,True,7,3.78
4,0,7,True,7,3.79
4,1,7,True,7,3.81
4,2,7,True,7,3.82
4,3,7,True,7,3.84
4,4,7,True,7,3.85
4,5,7,True,7,3.87
4,6,7,True,7,3.88
5,-6,7,True,7,3.89
5,-5,7,True,7,3.91
5,-4,7,True,7,3.92
5,-3,7,True,7,3.94
5,-2,7,True,7,3.95
5,-1,7,True,7,3.96
5,0,7,True,7,3.98
5,1,7,True,7,3.99
5,2,7,True,7,4.01
5,3,7,True,7,4.02
5,4,7,True,7,4.04
5,5,7,True,7,4.05
5,6,7,True,7,4.07
6,-6,7,True,7,4.08
6,-5,7,True,7,4.10
6,-4,7,True,7,4.11
6,-3,7,True,7,4.12
6,-2,7,True,7,4.14
6,-1,7,True,7,4.15
6,0,7,True,7,4.16
6,1,7,True,7,4.19
6,2,7,True,7,4.21
6,3,7,True,7,4.23
6,4,7,True,7,4.25
6,5,7,True,7,4.27
6,6,7,True,7,4.29
-6,-6,8,True,9,4.32
-6,-5,8,True,9,4.36
-6,-4,8,True,9,4.39
-6,-3,8,True,9,4.42
-6,-2,8,True,9,4.46
-6,-1,8,True,9,4.49
-6,0,8,True,9,4.52
-6,1,8,True,9,4.55
-6,2,8,True,9,4.59
-6,3,8,True,9,4.62
-6,4,8,True,9,4.65
-6,5,8,True,9,4.69
-6,6,8,True,9,4.72
-5,-6,8,True,9,4.76
-5,-5,8,True,9,4.78
-5,-4,8,True,9,4.82
-5,-3,8,True,9,4.85
-5,-2,8,True,9,4.89
-5,-1,8,True,9,4.92
-5,0,8,True,9,4.95
-5,1,8,True,9,4.99
-5,2,8,True,9,5.02
-5,3,8,True,9,5.05
-5,4,8,True,9,5.08
-5,5,8,True,9,5.11
-5,6,8,True,9,5.15
-4,-6,8,True,9,5.18
-4,-5,8,True,9,5.22
-4,-4,8,True,9,5.25
-4,-3,8,True,9,5.28
-4,-2,8,True,9,5.31
-4,-1,8,True,9,5.35
-4,0,8,True,9,5.38
-4,1,8,True,9,5.41
-4,2,8,True,9,5.44
-4,3,8,True,9,5.47
-4,4,8,True,9,5.51
-4,5,8,True,9,5.54
-4,6,8,True,9,5.57
-3,-6,8,True,9,5.60
-3,-5,8,True,9,5.64
-3,-4,8,True,9,5.66
-3,-3,8,True,9,5.70
-3,-2,8,True,9,5.73
-3,-1,8,True,9,5.76
-3,0,8,True,9,5.79
-3,1,8,True,9,5.82
-3,2,8,True,9,5.85
-3,3,8,True,9,5.89
-3,4,8,True,9,5.93
-3,5,8,True,9,5.96
-3,6,8,True,9,5.99
-2,-6,8,True,9,6.02
-2,-5,8,True,9,6.05
-2,-4,8,True,9,6.08
-2,-3,8,True,9,6.11
-2,-2,8,True,9,6.14
-2,-1,8,True,9,6.17
-2,0,8,True,9,6.20
-2,1,8,True,9,6.23
-2,2,8,True,9,6.26
-2,3,8,True,9,6.30
-2,4,8,True,9,6.33
-2,5,8,True,9,6.36
-2,6,8,True,9,6.40
-1,-6,8,True,9,6.43
-1,-5,8,True,9,6.46
-1,-4,8,True,9,6.49
-1,-3,8,True,9,6.53
-1,-2,8,True,9,6.56
-1,-1,8,True,9,6.58
-1,0,8,True,9,6.62
-1,1,8,True,9,6.65
-1,2,8,True,9,6.68
-1,3,8,True,9,6.71
-1,4,8,True,9,6.74
-1,5,8,True,9,6.77
-1,6,8,True,9,6.80
0,-6,8,True,9,6.83
0,-5,8,True,9,6.86
0,-4,8,True,9,6.90
0,-3,8,True,9,6.93
0,-2,8,True,9,6.96
0,-1,8,True,9,6.99
0,0,8,True,9,7.01
0,1,8,True,9,7.04
0,2,8,True,9,7.07
0,3,8,True,9,7.10
0,4,8,True,9,7.13
0,5,8,True,9,7.16
0,6,8,True,9,7.19
1,-6,8,True,9,7.22
1,-5,8,True,9,7.25
1,-4,8,True,9,7.28
1,-3,8,True,9,7.31
1,-2,8,True,9,7.34
1,-1,8,True,9,7.38
1,0,8,True,9,7.41
1,1,8,True,9,7.44
1,2,8,True,9,7.47
1,3,8,True,9,7.51
1,4,8,True,9,7.54
1,5,8,True,9,7.58
1,6,8,True,9,7.61
2,-6,8,True,9,7.64
2,-5,8,True,9,7.67
2,-4,8,True,9,7.71
2,-3,8,True,9,7.74
2,-2,8,True,9,7.77
2,-1,8,True,9,7.80
2,0,8,True,9,7.83
2,1,8,True,9,7.86
2,2,8,True,9,7.90
2,3,8,True,9,7.93
2,4,8,True,9,7.96
2,5,8,True,9,8.00
2,6,8,True,9,8.03
3,-6,8,True,9,8.07
3,-5,8,True,9,8.10
3,-4,8,True,9,8.13
3,-3,8,True,9,8.16
3,-2,8,True,9,8.19
3,-1,8,True,9,8.22
3,0,8,True,9,8.25
3,1,8,True,9,8.29
3,2,8,True,9,8.33
3,3,8,True,9,8.37
3,4,8,True,9,8.40
3,5,8,True,9,8.43
3,6,8,True,9,8.46
4,-6,8,True,9,8.50
4,-5,8,True,9,8.53
4,-4,8,True,9,8.56
4,-3,8,True,9,8.59
4,-2,8,True,9,8.63
4,-1,8,True,9,8.66
4,0,8,True,9,8.69
4,1,8,True,9,8.72
4,2,8,True,9,8.77
4,3,8,True,9,8.80
4,4,8,True,9,8.83
4,5,8,True,9,8.87
4,6,8,True,9,8.90
5,-6,8,True,9,8.93
5,-5,8,True,9,8.96
5,-4,8,True,9,8.99
5,-3,8,True,9,9.03
5,-2,8,True,9,9.06
5,-1,8,True,9,9.09
5,0,8,True,9,9.12
5,1,8,True,9,9.16
5,2,8,True,9,9.19
5,3,8,True,9,9.23
5,4,8,True,9,9.26
5,5,8,True,9,9.30
5,6,8,True,9,9.33
6,-6,8,True,9,9.37
6,-5,8,True,9,9.40
6,-4,8,True,9,9.43
6,-3,8,True,9,9.50
6,-2,8,True,9,9.53
6,-1,8,True,9,9.56
6,0,8,True,9,9.59
6,1,8,True,9,9.63
6,2,8,True,9,9.67
6,3,8,True,9,9.71
6,4,8,True,9,9.75
6,5,8,True,9,9.79
6,6,8,True,9,9.82
-6,-6,9,True,13,9.89
-6,-5,9,True,13,9.97
-6,-4,9,True,13,10.04
-6,-3,9,True,13,10.10
-6,-2,9,True,13,10.17
-6,-1,9,True,13,10.25
-6,0,9,True,13,10.32
-6,1,9,True,13,10.40
-6,2,9,True,13,10.47
-6,3,9,True,13,10.56
-6,4,9,True,13,10.64
-6,5,9,True,13,10.73
-6,6,9,True,13,10.80
-5,-6,9,True,13,10.87
-5,-5,9,True,13,10.93
-5,-4,9,True,13,11.01
-5,-3,9,True,13,11.08
-5,-2,9,True,13,11.16
-5,-1,9,True,13,11.24
-5,0,9,True,13,11.30
-5,1,9,True,13,11.38
-5,2,9,True,13,11.46
-5,3,9,True,13,11.54
-5,4,9,True,13,11.63
-5,5,9,True,13,11.70
-5,6,9,True,13,11.79
-4,-6,9,True,13,11.86
-4,-5,9,True,13,11.93
-4,-4,9,True,13,11.99
-4,-3,9,True,13,12.06
-4,-2,9,True,13,12.13
-4,-1,9,True,13,12.20
-4,0,9,True,13,12.27
-4,1,9,True,13,12.35
-4,2,9,True,13,12.42
-4,3,9,True,13,12.50
-4,4,9,True,13,12.57
-4,5,9,True,13,12.65
-4,6,9,True,13,12.72
-3,-6,9,True,13,12.79
-3,-5,9,True,13,12.86
-3,-4,9,True,13,12.91
-3,-3,9,True,13,12.97
-3,-2,9,True,13,13.04
-3,-1,9,True,13,13.11
-3,0,9,True,13,13.18
-3,1,9,True,13,13.25
-3,2,9,True,13,13.33
-3,3,9,True,13,13.39
-3,4,9,True,13,13.47
-3,5,9,True,13,13.55
-3,6,9,True,13,13.62
-2,-6,9,True,13,13.69
-2,-5,9,True,13,13.76
-2,-4,9,True,13,13.83
-2,-3,9,True,13,13.89
-2,-2,9,True,13,13.96
-2,-1,9,True,13,14.04
-2,0,9,True,13,14.11
-2,1,9,True,13,14.18
-2,2,9,True,13,14.24
-2,3,9,True,13,14.32
-2,4,9,True,13,14.39
-2,5,9,True,13,14.47
-2,6,9,True,13,14.54
-1,-6,9,True,13,14.61
-1,-5,9,True,13,14.68
-1,-4,9,True,13,14.76
-1,-3,9,True,13,14.82
-1,-2,9,True,13,14.89
-1,-1,9,True,13,14.95
-1,0,9,True,13,15.02
-1,1,9,True,13,15.09
-1,2,9,True,13,15.16
-1,3,9,True,13,15.31
-1,4,9,True,13,15.43
-1,5,9,True,13,15.53
-1,6,9,True,13,15.63
0,-6,9,True,13,15.70
0,-5,9,True,13,15.80
0,-4,9,True,13,15.87
0,-3,9,True,13,15.94
0,-2,9,True,13,16.00
0,-1,9,True,13,16.07
0,0,9,True,13,16.12
0,1,9,True,13,16.19
0,2,9,True,13,16.25
0,3,9,True,13,16.32
0,4,9,True,13,16.39
0,5,9,True,13,16.46
0,6,9,True,13,16.52
1,-6,9,True,13,16.60
1,-5,9,True,13,16.68
1,-4,9,True,13,16.76
1,-3,9,True,13,16.84
1,-2,9,True,13,16.91
1,-1,9,True,13,16.98
1,0,9,True,13,17.05
1,1,9,True,13,17.13
1,2,9,True,13,17.20
1,3,9,True,13,17.28
1,4,9,True,13,17.36
1,5,9,True,13,17.45
1,6,9,True,13,17.54
2,-6,9,True,13,17.61
2,-5,9,True,13,17.69
2,-4,9,True,13,17.76
2,-3,9,True,13,17.84
2,-2,9,True,13,17.91
2,-1,9,True,13,17.99
2,0,9,True,13,18.06
2,1,9,True,13,18.14
2,2,9,True,13,18.21
2,3,9,True,13,18.29
2,4,9,True,13,18.36
2,5,9,True,13,18.45
2,6,9,True,13,18.53
3,-6,9,True,13,18.60
3,-5,9,True,13,18.68
3,-4,9,True,13,18.76
3,-3,9,True,13,18.88
3,-2,9,True,13,18.96
3,-1,9,True,13,19.03
3,0,9,True,13,19.10
3,1,9,True,13,19.18
3,2,9,True,13,19.26
3,3,9,True,13,19.34
3,4,9,True,13,19.40
3,5,9,True,13,19.48
3,6,9,True,13,19.56
4,-6,9,True,13,19.63
4,-5,9,True,13,19.72
4,-4,9,True,13,19.79
4,-3,9,True,13,19.87
4,-2,9,True,13,19.94
4,-1,9,True,13,20.02
4,0,9,True,13,20.08
4,1,9,True,13,20.16
4,2,9,True,13,20.25
4,3,9,True,13,20.33
4,4,9,True,13,20.40
4,5,9,True,13,20.49
4,6,9,True,13,20.57
5,-6,9,True,13,20.66
5,-5,9,True,13,20.73
5,-4,9,True,13,20.81
5,-3,9,True,13,20.89
5,-2,9,True,13,20.96
5,-1,9,True,13,21.03
5,0,9,True,13,21.10
5,1,9,True,13,21.18
5,2,9,True,13,21.27
5,3,9,True,13,21.35
5,4,9,True,13,21.44
5,5,9,True,13,21.51
5,6,9,True,13,21.59
6,-6,9,True,13,21.67
6,-5,9,True,13,21.75
6,-4,9,True,13,21.82
6,-3,9,True,13,21.89
6,-2,9,True,13,21.96
6,-1,9,True,13,22.04
6,0,9,True,13,22.11
6,1,9,True,13,22.19
6,2,9,True,13,22.27
6,3,9,True,13,22.34
6,4,9,True,13,22.42
6,5,9,True,13,22.51
6,6,9,True,13,22.59
-6,-6,10,True,17,22.74
-6,-5,10,True,17,22.96
-6,-4,10,True,17,23.13
-6,-3,10,True,17,23.30
-6,-2,10,True,17,23.47
-6,-1,10,True,17,23.77
-6,0,10,True,17,23.92
-6,1,10,True,17,24.27
-6,2,10,True,17,24.50
-6,3,10,True,17,24.68
-6,4,10,True,17,24.93
-6,5,10,True,17,25.43
-6,6,10,True,17,25.60
-5,-6,10,True,17,25.79
-5,-5,10,True,17,25.93
-5,-4,10,True,17,26.12
-5,-3,10,True,17,26.32
-5,-2,10,True,17,26.55
-5,-1,10,True,17,26.80
-5,0,10,True,17,26.95
-5,1,10,True,17,27.33
-5,2,10,True,17,27.68
-5,3,10,True,17,28.04
-5,4,10,True,17,28.45
-5,5,10,True,17,28.61
-5,6,10,True,17,29.09
-4,-6,10,True,17,29.25
-4,-5,10,True,17,29.43
-4,-4,10,True,17,29.57
-4,-3,10,True,17,29.75
-4,-2,10,True,17,29.90
-4,-1,10,True,17,30.11
-4,0,10,True,17,30.27
-4,1,10,True,17,30.52
-4,2,10,True,17,30.71
-4,3,10,True,17,31.03
-4,4,10,True,17,31.19
-4,5,10,True,17,31.58
-4,6,10,True,17,31.82
-3,-6,10,True,17,31.97
-3,-5,10,True,17,32.15
-3,-4,10,True,17,32.27
-3,-3,10,True,17,32.40
-3,-2,10,True,17,32.57
-3,-1,10,True,17,32.75
-3,0,10,True,17,32.90
-3,1,10,True,17,33.12
-3,2,10,True,17,33.36
-3,3,10,True,17,33.53
-3,4,10,True,17,33.83
-3,5,10,True,17,34.16
-3,6,10,True,17,34.34
-2,-6,10,True,17,34.51
-2,-5,10,True,17,34.70
-2,-4,10,True,17,34.86
-2,-3,10,True,17,35.01
-2,-2,10,True,17,35.23
-2,-1,10,True,17,35.39
-2,0,10,True,17,35.54
-2,1,10,True,17,35.73
-2,2,10,True,17,35.89
-2,3,10,True,17,36.13
-2,4,10,True,17,36.31
-2,5,10,True,17,36.60
-2,6,10,True,17,36.81
-1,-6,10,True,17,37.07
-1,-5,10,True,17,37.28
-1,-4,10,True,17,37.48
-1,-3,10,True,17,37.65
-1,-2,10,True,17,37.80
-1,-1,10,True,17,37.94
-1,0,10,True,17,38.10
-1,1,10,True,17,38.26
-1,2,10,True,17,38.45
-1,3,10,True,17,38.65
-1,4,10,True,17,38.89
-1,5,10,True,17,39.15
-1,6,10,True,17,39.43
0,-6,10,True,17,39.59
0,-5,10,True,17,39.74
0,-4,10,True,17,39.90
0,-3,10,True,17,40.05
0,-2,10,True,17,40.20
0,-1,10,True,17,40.35
0,0,10,True,17,40.43
0,1,10,True,17,40.58
0,2,10,True,17,40.72
0,3,10,True,17,40.87
0,4,10,True,17,41.02
0,5,10,True,17,41.16
0,6,10,True,17,41.31
1,-6,10,True,17,41.62
1,-5,10,True,17,41.99
1,-4,10,True,17,42.23
1,-3,10,True,17,42.44
1,-2,10,True,17,42.63
1,-1,10,True,17,42.80
1,0,10,True,17,42.96
1,1,10,True,17,43.14
1,2,10,True,17,43.32
1,3,10,True,17,43.50
1,4,10,True,17,43.71
1,5,10,True,17,43.94
1,6,10,True,17,44.20
2,-6,10,True,17,44.41
2,-5,10,True,17,44.72
2,-4,10,True,17,44.91
2,-3,10,True,17,45.15
2,-2,10,True,17,45.33
2,-1,10,True,17,45.51
2,0,10,True,17,45.68
2,1,10,True,17,45.86
2,2,10,True,17,46.03
2,3,10,True,17,46.22
2,4,10,True,17,46.39
2,5,10,True,17,46.61
2,6,10,True,17,46.80
3,-6,10,True,17,46.99
3,-5,10,True,17,47.32
3,-4,10,True,17,47.71
3,-3,10,True,17,47.89
3,-2,10,True,17,48.12
3,-1,10,True,17,48.33
3,0,10,True,17,48.48
3,1,10,True,17,48.68
3,2,10,True,17,48.88
3,3,10,True,17,49.05
3,4,10,True,17,49.19
3,5,10,True,17,49.41
3,6,10,True,17,49.59
4,-6,10,True,17,49.82
4,-5,10,True,17,50.19
4,-4,10,True,17,50.35
4,-3,10,True,17,50.64
4,-2,10,True,17,50.82
4,-1,10,True,17,51.06
4,0,10,True,17,51.21
4,1,10,True,17,51.43
4,2,10,True,17,51.61
4,3,10,True,17,51.83
4,4,10,True,17,52.01
4,5,10,True,17,52.23
4,6,10,True,17,52.41
5,-6,10,True,17,52.85
5,-5,10,True,17,53.03
5,-4,10,True,17,53.39
5,-3,10,True,17,53.72
5,-2,10,True,17,54.02
5,-1,10,True,17,54.38
5,0,10,True,17,54.54
5,1,10,True,17,54.78
5,2,10,True,17,55.02
5,3,10,True,17,55.26
5,4,10,True,17,55.50
5,5,10,True,17,55.67
5,6,10,True,17,55.92
6,-6,10,True,17,56.09
6,-5,10,True,17,56.53
6,-4,10,True,17,56.77
6,-3,10,True,17,56.96
6,-2,10,True,17,57.16
6,-1,10,True,17,57.44
6,0,10,True,17,57.59
6,1,10,True,17,57.87
6,2,10,True,17,58.07
6,3,10,True,17,58.24
6,4,10,True,17,58.43
6,5,10,True,17,58.71
6,6,10,True,17,58.87
-6,-6,11,True,21,59.29
-6,-5,11,True,21,62.55
-6,-4,11,True,21,63.93
-6,-3,11,True,21,64.81
-6,-2,11,True,21,66.52
-6,-1,11,True,21,72.93
-6,0,11,True,21,73.50
-6,1,11,True,21,82.60
-6,2,11,True,21,85.55
-6,3,11,True,21,87.32
-6,4,11,True,21,91.50
-6,5,11,True,21,106.59
-6,6,11,True,21,107.50
-5,-6,11,True,21,110.00
-5,-5,11,True,21,110.40
-5,-4,11,True,21,112.91
-5,-3,11,True,21,115.92
-5,-2,11,True,21,119.62
-5,-1,11,True,21,124.20
-5,0,11,True,21,124.92
-5,1,11,True,21,131.79
-5,2,11,True,21,140.10
-5,3,11,True,21,149.68
-5,4,11,True,21,160.63
-5,5,11,True,21,161.51
-5,6,11,True,21,175.46
-4,-6,11,True,21,176.34
-4,-5,11,True,21,178.26
-4,-4,11,True,21,178.67
-4,-3,11,True,21,180.50
-4,-2,11,True,21,181.35
-4,-1,11,True,21,184.25
-4,0,11,True,21,184.83
-4,1,11,True,21,189.55
-4,2,11,True,21,191.29
-4,3,11,True,21,199.03
-4,4,11,True,21,199.96
-4,5,11,True,21,210.12
-4,6,11,True,21,213.61
-3,-6,11,True,21,214.23
-3,-5,11,True,21,216.13
-3,-4,11,True,21,217.28
-3,-3,11,True,21,217.69
-3,-2,11,True,21,218.95
-3,-1,11,True,21,220.64
-3,0,11,True,21,221.34
-3,1,11,True,21,224.30
-3,2,11,True,21,228.25
-3,3,11,True,21,229.16
-3,4,11,True,21,235.66
-3,5,11,True,21,243.53
-3,6,11,True,21,244.92
-2,-6,11,True,21,246.10
-2,-5,11,True,21,248.61
-2,-4,11,True,21,249.23
-2,-3,11,True,21,250.09
-2,-2,11,True,21,250.51
-2,-1,11,True,21,251.38
-2,0,11,True,21,251.95
-2,1,11,True,21,253.70
-2,2,11,True,21,254.58
-2,3,11,True,21,258.21
-2,4,11,True,21,259.77
-2,5,11,True,21,265.69
-2,6,11,True,21,267.84
-1,-6,11,True,21,272.40
-1,-5,11,True,21,275.59
-1,-4,11,True,21,277.65
-1,-3,11,True,21,278.86
-1,-2,11,True,21,279.47
-1,-1,11,True,21,279.88
-1,0,11,True,21,280.61
-1,1,11,True,21,281.49
-1,2,11,True,21,282.90
-1,3,11,True,21,285.04
-1,4,11,True,21,288.09
-1,5,11,True,21,292.23
-1,6,11,True,21,297.55
0,-6,11,True,21,298.06
0,-5,11,True,21,298.58
0,-4,11,True,21,299.26
0,-3,11,True,21,299.78
0,-2,11,True,21,300.30
0,-1,11,True,21,300.83
0,0,11,True,21,300.98
0,1,11,True,21,301.43
0,2,11,True,21,301.86
0,3,11,True,21,302.29
0,4,11,True,21,302.73
0,5,11,True,21,303.31
0,6,11,True,21,303.74
1,-6,11,True,21,310.42
1,-5,11,True,21,315.60
1,-4,11,True,21,319.40
1,-3,11,True,21,321.93
1,-2,11,True,21,323.50
1,-1,11,True,21,324.38
1,0,11,True,21,324.89
1,1,11,True,21,325.52
1,2,11,True,21,326.15
1,3,11,True,21,327.19
1,4,11,True,21,328.84
1,5,11,True,21,331.28
1,6,11,True,21,334.66
2,-6,11,True,21,337.18
2,-5,11,True,21,343.42
2,-4,11,True,21,345.17
2,-3,11,True,21,348.51
2,-2,11,True,21,349.37
2,-1,11,True,21,350.83
2,0,11,True,21,351.33
2,1,11,True,21,352.17
2,2,11,True,21,352.62
2,3,11,True,21,353.50
2,4,11,True,21,354.12
2,5,11,True,21,356.44
2,6,11,True,21,357.46
3,-6,11,True,21,359.00
3,-5,11,True,21,366.44
3,-4,11,True,21,372.22
3,-3,11,True,21,373.09
3,-2,11,True,21,376.44
3,-1,11,True,21,378.67
3,0,11,True,21,379.18
3,1,11,True,21,380.68
3,2,11,True,21,382.16
3,3,11,True,21,382.61
3,4,11,True,21,383.83
3,5,11,True,21,385.71
3,6,11,True,21,386.31
4,-6,11,True,21,389.64
4,-5,11,True,21,398.14
4,-4,11,True,21,399.00
4,-3,11,True,21,404.43
4,-2,11,True,21,406.02
4,-1,11,True,21,409.09
4,0,11,True,21,409.60
4,1,11,True,21,411.90
4,2,11,True,21,412.74
4,3,11,True,21,414.71
4,4,11,True,21,415.16
4,5,11,True,21,417.24
4,6,11,True,21,418.12
5,-6,11,True,21,429.94
5,-5,11,True,21,430.97
5,-4,11,True,21,439.27
5,-3,11,True,21,445.88
5,-2,11,True,21,451.21
5,-1,11,True,21,455.45
5,0,11,True,21,455.96
5,1,11,True,21,459.31
5,2,11,True,21,462.56
5,3,11,True,21,465.65
5,4,11,True,21,468.74
5,5,11,True,21,469.20
5,6,11,True,21,472.16
6,-6,11,True,21,473.05
6,-5,11,True,21,484.47
6,-4,11,True,21,487.62
6,-3,11,True,21,489.06
6,-2,11,True,21,491.23
6,-1,11,True,21,496.77
6,0,11,True,21,497.30
6,1,11,True,21,501.84
6,2,11,True,21,503.51
6,3,11,True,21,504.36
6,4,11,True,21,505.71
6,5,11,True,21,509.71
6,6,11,True,21,510.17
-6,-6,12,True,27,512.08
-6,-5,12,True,27,551.78
-6,-4,12,True,27,564.83
-6,-3,12,True,27,572.02
-6,-2,12,True,27,589.23
-6,-1,12,True,27,666.96
-6,0,12,True,27,670.71
-6,1,12,True,27,786.99
-6,2,12,True,27,822.64
-6,3,12,True,27,841.95
-6,4,12,True,27,890.13
-6,5,12,True,27,1104.16
-6,6,12,True,27,1112.08
-5,-6,12,True,27,1141.51
-5,-5,12,True,27,1143.36
-5,-4,12,True,27,1172.22
-5,-3,12,True,27,1207.22
-5,-2,12,True,27,1249.61
-5,-1,12,True,27,1300.98
-5,0,12,True,27,1304.41
-5,1,12,True,27,1386.11
-5,2,12,True,27,1487.56
-5,3,12,True,27,1611.18
-5,4,12,True,27,1758.91
-5,5,12,True,27,1766.89
-5,6,12,True,27,1962.88
-4,-6,12,True,27,1970.59
-4,-5,12,True,27,1991.16
-4,-4,12,True,27,1993.00
-4,-3,12,True,27,2013.04
-4,-2,12,True,27,2020.15
-4,-1,12,True,27,2051.69
-4,0,12,True,27,2055.15
-4,1,12,True,27,2110.79
-4,2,12,True,27,2129.52
-4,3,12,True,27,2219.73
-4,4,12,True,27,2227.32
-4,5,12,True,27,2360.44
-4,6,12,True,27,2398.84
-3,-6,12,True,27,2402.69
-3,-5,12,True,27,2422.74
-3,-4,12,True,27,2435.21
-3,-3,12,True,27,2437.02
-3,-2,12,True,27,2449.08
-3,-1,12,True,27,2465.39
-3,0,12,True,27,2468.71
-3,1,12,True,27,2501.39
-3,2,12,True,27,2546.11
-3,3,12,True,27,2553.63
-3,4,12,True,27,2630.74
-3,5,12,True,27,2727.31
-3,6,12,True,27,2740.75
-2,-6,12,True,27,2750.74
-2,-5,12,True,27,2774.65
-2,-4,12,True,27,2778.56
-2,-3,12,True,27,2786.40
-2,-2,12,True,27,2788.16
-2,-1,12,True,27,2794.94
-2,0,12,True,27,2798.26
-2,1,12,True,27,2816.33
-2,2,12,True,27,2823.69
-2,3,12,True,27,2862.70
-2,4,12,True,27,2876.07
-2,5,12,True,27,2945.06
-2,6,12,True,27,2966.90
-1,-6,12,True,27,3014.49
-1,-5,12,True,27,3047.00
-1,-4,12,True,27,3066.49
-1,-3,12,True,27,3076.50
-1,-2,12,True,27,3080.47
-1,-1,12,True,27,3082.59
-1,0,12,True,27,3085.92
-1,1,12,True,27,3093.19
-1,2,12,True,27,3106.52
-1,3,12,True,27,3128.32
-1,4,12,True,27,3161.08
-1,5,12,True,27,3206.76
-1,6,12,True,27,3267.34
0,-6,12,True,27,3270.26
0,-5,12,True,27,3272.86
0,-4,12,True,27,3275.47
0,-3,12,True,27,3278.10
0,-2,12,True,27,3280.71
0,-1,12,True,27,3283.64
0,0,12,True,27,3283.95
0,1,12,True,27,3285.81
0,2,12,True,27,3287.66
0,3,12,True,27,3289.80
0,4,12,True,27,3291.64
0,5,12,True,27,3293.48
0,6,12,True,27,3295.31
1,-6,12,True,27,3372.04
1,-5,12,True,27,3428.98
1,-4,12,True,27,3469.12
1,-3,12,True,27,3495.19
1,-2,12,True,27,3510.53
1,-1,12,True,27,3518.00
1,0,12,True,27,3520.43
1,1,12,True,27,3522.14
1,2,12,True,27,3525.52
1,3,12,True,27,3533.80
1,4,12,True,27,3548.30
1,5,12,True,27,3572.07
1,6,12,True,27,3607.30
2,-6,12,True,27,3633.92
2,-5,12,True,27,3708.67
2,-4,12,True,27,3724.05
2,-3,12,True,27,3762.93
2,-2,12,True,27,3770.10
2,-1,12,True,27,3784.73
2,0,12,True,27,3787.09
2,1,12,True,27,3792.37
2,2,12,True,27,3794.05
2,3,12,True,27,3801.02
2,4,12,True,27,3804.40
2,5,12,True,27,3824.41
2,6,12,True,27,3832.32
3,-6,12,True,27,3847.81
3,-5,12,True,27,3941.74
3,-4,12,True,27,4013.59
3,-3,12,True,27,4020.78
3,-2,12,True,27,4058.09
3,-1,12,True,27,4082.39
3,0,12,True,27,4084.78
3,1,12,True,27,4096.28
3,2,12,True,27,4106.51
3,3,12,True,27,4108.19
3,4,12,True,27,4119.86
3,5,12,True,27,4138.40
3,6,12,True,27,4141.70
4,-6,12,True,27,4180.52
4,-5,12,True,27,4295.70
4,-4,12,True,27,4303.25
4,-3,12,True,27,4373.56
4,-2,12,True,27,4388.46
4,-1,12,True,27,4424.94
4,0,12,True,27,4427.43
4,1,12,True,27,4448.54
4,2,12,True,27,4453.94
4,3,12,True,27,4471.40
4,4,12,True,27,4473.08
4,5,12,True,27,4492.47
4,6,12,True,27,4499.54
5,-6,12,True,27,4663.88
5,-5,12,True,27,4671.27
5,-4,12,True,27,4783.64
5,-3,12,True,27,4871.92
5,-2,12,True,27,4939.58
5,-1,12,True,27,4989.65
5,0,12,True,27,4992.07
5,1,12,True,27,5024.02
5,2,12,True,27,5053.55
5,3,12,True,27,5081.83
5,4,12,True,27,5108.16
5,5,12,True,27,5109.82
5,6,12,True,27,5138.97
6,-6,12,True,27,5146.29
6,-5,12,True,27,5303.73
6,-4,12,True,27,5341.72
6,-3,12,True,27,5356.14
6,-2,12,True,27,5379.93
6,-1,12,True,27,5444.89
6,0,12,True,27,5447.29
6,1,12,True,27,5493.07
6,2,12,True,27,5504.55
6,3,12,True,27,5509.94
6,4,12,True,27,5520.21
6,5,12,True,27,5557.41
6,6,12,True,27,5559.07
