a,b,n,is_laurent,denom_degree
-3,-3,4,True,1
-3,-3,5,True,2
-3,-3,6,True,4
-3,-3,7,True,7
-3,-3,8,True,9
-3,-3,9,True,13
-3,-3,10,True,17
-3,-3,11,True,21
-3,-2,4,True,1
-3,-2,5,True,2
-3,-2,6,True,4
-3,-2,7,True,7
-3,-2,8,True,9
-3,-2,9,True,13
-3,-2,10,True,17
-3,-2,11,True,21
-3,-1,4,True,1
-3,-1,5,True,2
-3,-1,6,True,4
-3,-1,7,True,7
-3,-1,8,True,9
-3,-1,9,True,13
-3,-1,10,True,17
-3,-1,11,True,21
-3,0,4,True,1
-3,0,5,True,2
-3,0,6,True,4
-3,0,7,True,7
-3,0,8,True,9
-3,0,9,True,13
-3,0,10,True,17
-3,0,11,True,21
-3,1,4,True,1
-3,1,5,True,2
-3,1,6,True,4
-3,1,7,True,7
-3,1,8,True,9
-3,1,9,True,13
-3,1,10,True,17
-3,1,11,True,21
-3,2,4,True,1
-3,2,5,True,2
-3,2,6,True,4
-3,2,7,True,7
-3,2,8,True,9
-3,2,9,True,13
-3,2,10,True,17
-3,2,11,True,21
-3,3,4,True,1
-3,3,5,True,2
-3,3,6,True,4
-3,3,7,True,7
-3,3,8,True,9
-3,3,9,True,13
-3,3,10,True,17
-3,3,11,True,21
-2,-3,4,True,1
-2,-3,5,True,2
-2,-3,6,True,4
-2,-3,7,True,7
-2,-3,8,True,9
-2,-3,9,True,13
-2,-3,10,True,17
-2,-3,11,True,21
-2,-2,4,True,1
-2,-2,5,True,2
-2,-2,6,True,4
-2,-2,7,True,7
-2,-2,8,True,9
-2,-2,9,True,13
-2,-2,10,True,17
-2,-2,11,True,21
-2,-1,4,True,1
-2,-1,5,True,2
-2,-1,6,True,4
-2,-1,7,True,7
-2,-1,8,True,9
-2,-1,9,True,13
-2,-1,10,True,17
-2,-1,11,True,21
-2,0,4,True,1
-2,0,5,True,2
-2,0,6,True,4
-2,0,7,True,7
-2,0,8,True,9
-2,0,9,True,13
-2,0,10,True,17
-2,0,11,True,21
-2,1,4,True,1
-2,1,5,True,2
-2,1,6,True,4
-2,1,7,True,7
-2,1,8,True,9
-2,1,9,True,13
-2,1,10,True,17
-2,1,11,True,21
-2,2,4,True,1
-2,2,5,True,2
-2,2,6,True,4
-2,2,7,True,7
-2,2,8,True,9
-2,2,9,True,13
-2,2,10,True,17
-2,2,11,True,21
-2,3,4,True,1
-2,3,5,True,2
-2,3,6,True,4
-2,3,7,True,7
-2,3,8,True,9
-2,3,9,True,13
-2,3,10,True,17
-2,3,11,True,21
-1,-3,4,True,1
-1,-3,5,True,2
-1,-3,6,True,4
-1,-3,7,True,7
-1,-3,8,True,9
-1,-3,9,True,13
-1,-3,10,True,17
-1,-3,11,True,21
-1,-2,4,True,1
-1,-2,5,True,2
-1,-2,6,True,4
-1,-2,7,True,7
-1,-2,8,True,9
-1,-2,9,True,13
-1,-2,10,True,17
-1,-2,11,True,21
-1,-1,4,True,1
-1,-1,5,True,2
-1,-1,6,True,4
-1,-1,7,True,7
-1,-1,8,True,9
-1,-1,9,True,13
-1,-1,10,True,17
-1,-1,11,True,21
-1,0,4,True,1
-1,0,5,True,2
-1,0,6,True,4
-1,0,7,True,7
-1,0,8,True,9
-1,0,9,True,13
-1,0,10,True,17
-1,0,11,True,21
-1,1,4,True,1
-1,1,5,True,2
-1,1,6,True,4
-1,1,7,True,7
-1,1,8,True,9
-1,1,9,True,13
-1,1,10,True,17
-1,1,11,True,21
-1,2,4,True,1
-1,2,5,True,2
-1,2,6,True,4
-1,2,7,True,7
-1,2,8,True,9
-1,2,9,True,13
-1,2,10,True,17
-1,2,11,True,21
-1,3,4,True,1
-1,3,5,True,2
-1,3,6,True,4
-1,3,7,True,7
-1,3,8,True,9
-1,3,9,True,13
-1,3,10,True,17
-1,3,11,True,21
0,-3,4,True,1
0,-3,5,True,2
0,-3,6,True,4
0,-3,7,True,7
0,-3,8,True,9
0,-3,9,True,13
0,-3,10,True,17
0,-3,11,True,21
0,-2,4,True,1
0,-2,5,True,2
0,-2,6,True,4
0,-2,7,True,7
0,-2,8,True,9
0,-2,9,True,13
0,-2,10,True,17
0,-2,11,True,21
0,-1,4,True,1
0,-1,5,True,2
0,-1,6,True,4
0,-1,7,True,7
0,-1,8,True,9
0,-1,9,True,13
0,-1,10,True,17
0,-1,11,True,21
0,0,4,True,1
0,0,5,True,2
0,0,6,True,4
0,0,7,True,7
0,0,8,True,9
0,0,9,True,13
0,0,10,True,17
0,0,11,True,21
0,1,4,True,1
0,1,5,True,2
0,1,6,True,4
0,1,7,True,7
0,1,8,True,9
0,1,9,True,13
0,1,10,True,17
0,1,11,True,21
0,2,4,True,1
0,2,5,True,2
0,2,6,True,4
0,2,7,True,7
0,2,8,True,9
0,2,9,True,13
0,2,10,True,17
0,2,11,True,21
0,3,4,True,1
0,3,5,True,2
0,3,6,True,4
0,3,7,True,7
0,3,8,True,9
0,3,9,True,13
0,3,10,True,17
0,3,11,True,21
1,-3,4,True,1
1,-3,5,True,2
1,-3,6,True,4
1,-3,7,True,7
1,-3,8,True,9
1,-3,9,True,13
1,-3,10,True,17
1,-3,11,True,21
1,-2,4,True,1
1,-2,5,True,2
1,-2,6,True,4
1,-2,7,True,7
1,-2,8,True,9
1,-2,9,True,13
1,-2,10,True,17
1,-2,11,True,21
1,-1,4,True,1
1,-1,5,True,2
1,-1,6,True,4
1,-1,7,True,7
1,-1,8,True,9
1,-1,9,True,13
1,-1,10,True,17
1,-1,11,True,21
1,0,4,True,1
1,0,5,True,2
1,0,6,True,4
1,0,7,True,7
1,0,8,True,9
1,0,9,True,13
1,0,10,True,17
1,0,11,True,21
1,1,4,True,1
1,1,5,True,2
1,1,6,True,4
1,1,7,True,7
1,1,8,True,9
1,1,9,True,13
1,1,10,True,17
1,1,11,True,21
1,2,4,True,1
1,2,5,True,2
1,2,6,True,4
1,2,7,True,7
1,2,8,True,9
1,2,9,True,13
1,2,10,True,17
1,2,11,True,21
1,3,4,True,1
1,3,5,True,2
1,3,6,True,4
1,3,7,True,7
1,3,8,True,9
1,3,9,True,13
1,3,10,True,17
1,3,11,True,21
2,-3,4,True,1
2,-3,5,True,2
2,-3,6,True,4
2,-3,7,True,7
2,-3,8,True,9
2,-3,9,True,13
2,-3,10,True,17
2,-3,11,True,21
2,-2,4,True,1
2,-2,5,True,2
2,-2,6,True,4
2,-2,7,True,7
2,-2,8,True,9
2,-2,9,True,13
2,-2,10,True,17
2,-2,11,True,21
2,-1,4,True,1
2,-1,5,True,2
2,-1,6,True,4
2,-1,7,True,7
2,-1,8,True,9
2,-1,9,True,13
2,-1,10,True,17
2,-1,11,True,21
2,0,4,True,1
2,0,5,True,2
2,0,6,True,4
2,0,7,True,7
2,0,8,True,9
2,0,9,True,13
2,0,10,True,17
2,0,11,True,21
2,1,4,True,1
2,1,5,True,2
2,1,6,True,4
2,1,7,True,7
2,1,8,True,9
2,1,9,True,13
2,1,10,True,17
2,1,11,True,21
2,2,4,True,1
2,2,5,True,2
2,2,6,True,4
2,2,7,True,7
2,2,8,True,9
2,2,9,True,13
2,2,10,True,17
2,2,11,True,21
2,3,4,True,1
2,3,5,True,2
2,3,6,True,4
2,3,7,True,7
2,3,8,True,9
2,3,9,True,13
2,3,10,True,17
2,3,11,True,21
3,-3,4,True,1
3,-3,5,True,2
3,-3,6,True,4
3,-3,7,True,7
3,-3,8,True,9
3,-3,9,True,13
3,-3,10,True,17
3,-3,11,True,21
3,-2,4,True,1
3,-2,5,True,2
3,-2,6,True,4
3,-2,7,True,7
3,-2,8,True,9
3,-2,9,True,13
3,-2,10,True,17
3,-2,11,True,21
3,-1,4,True,1
3,-1,5,True,2
3,-1,6,True,4
3,-1,7,True,7
3,-1,8,True,9
3,-1,9,True,13
3,-1,10,True,17
3,-1,11,True,21
3,0,4,True,1
3,0,5,True,2
3,0,6,True,4
3,0,7,True,7
3,0,8,True,9
3,0,9,True,13
3,0,10,True,17
3,0,11,True,21
3,1,4,True,1
3,1,5,True,2
3,1,6,True,4
3,1,7,True,7
3,1,8,True,9
3,1,9,True,13
3,1,10,True,17
3,1,11,True,21
3,2,4,True,1
3,2,5,True,2
3,2,6,True,4
3,2,7,True,7
3,2,8,True,9
3,2,9,True,13
3,2,10,True,17
3,2,11,True,21
3,3,4,True,1
3,3,5,True,2
3,3,6,True,4
3,3,7,True,7
3,3,8,True,9
3,3,9,True,13
3,3,10,True,17
3,3,11,True,21
